client_id,client_type,date_of_birth,gender,country,region,acquisition_purpose,satisfaction_score,loan_applied,referral_channel,age
C0001,Individual,1968-11-05,F,USA,California,Home,4,True,Website,57
C0002,Individual,1962-11-26,M,USA,California,Home,1,False,Website,63
C0003,Individual,1959-07-04,M,USA,California,Home,4,True,Agency,67
C0004,Individual,1959-11-25,M,USA,California,Home,5,False,Website,66
C0005,Company,1976-02-28,M,USA,California,Investment,5,False,Website,50
C0006,Individual,1957-06-03,M,USA,California,Home,3,True,Website,69
C0007,Individual,1947-05-24,M,Canada,Quebec,Investment,5,False,Website,79
C0008,Individual,1969-10-17,F,USA,California,Home,5,False,Website,56
C0009,Individual,1975-05-10,M,USA,California,Investment,5,False,Agency,51
C0010,Individual,1966-06-17,M,USA,Oregon,Investment,3,False,Agency,60
C0011,Individual,1956-06-17,F,USA,California,Home,2,True,Website,70
C0012,Company,1975-04-25,M,USA,California,Investment,5,False,Website,51
C0013,Individual,1962-10-08,M,USA,California,Home,1,True,Website,64
C0014,Company,1980-10-07,M,USA,California,Home,3,True,Website,45
C0015,Individual,1941-08-19,F,USA,California,Home,5,False,Client,85
C0016,Individual,1939-03-09,F,USA,California,Investment,5,False,Website,87
C0017,Individual,1977-08-01,M,USA,Arizona,Home,3,False,Client,49
C0018,Individual,1967-07-02,M,USA,California,Home,2,True,Agency,59
C0019,Individual,1957-09-09,M,USA,California,Home,5,True,Client,69
C0020,Individual,1967-10-17,F,USA,California,Home,5,False,Website,58
C0021,Individual,1938-09-06,M,USA,Oregon,Investment,3,False,Website,88
C0022,Individual,1966-09-14,M,Germany,Berlin,Investment,5,False,Agency,60
C0023,Individual,1958-06-12,M,USA,California,Home,3,True,Website,68
C0024,Individual,1963-05-11,M,USA,California,Investment,4,False,Website,63
C0025,Individual,1937-01-20,M,USA,Nevada,Home,2,True,Website,89
C0026,Individual,1962-09-23,M,USA,California,Investment,5,False,Website,64
C0027,Individual,1968-08-09,M,USA,California,Home,5,True,Website,58
C0028,Individual,1958-04-15,F,USA,California,Home,3,False,Client,68
C0029,Individual,1976-02-26,F,USA,Colorado,Home,4,True,Agency,50
C0030,Individual,1952-06-19,F,USA,Nevada,Home,3,False,Website,74
C0031,Individual,1977-12-25,M,USA,Nevada,Home,4,True,Website,48
C0032,Individual,1966-11-08,M,USA,California,Home,4,False,Website,59
C0033,Individual,1968-08-14,F,USA,California,Home,3,True,Website,58
C0034,Individual,1969-10-30,F,Belgium,Brussels,Home,2,False,Agency,56
C0035,Individual,1965-12-05,M,Mexico,Mexico City,Home,3,False,Agency,60
C0036,Individual,1973-01-09,M,USA,California,Home,4,False,Website,53
C0037,Individual,1962-01-20,F,USA,California,Home,5,True,Website,64
C0038,Individual,1974-12-25,F,USA,California,Investment,4,False,Client,51
C0039,Individual,1967-06-13,F,Russia,Krasnodar Krai,Home,1,False,Agency,59
C0040,Individual,1975-03-22,M,USA,Nevada,Home,5,False,Website,51
C0041,Individual,1967-04-13,M,USA,Arizona,Home,1,True,Website,59
C0042,Individual,1975-12-08,F,USA,Utah,Home,1,True,Website,50
C0043,Individual,1965-04-04,M,USA,Nevada,Investment,3,True,Website,61
C0044,Individual,1931-02-13,F,USA,Arizona,Home,3,False,Website,95
C0045,Individual,1968-12-10,M,USA,Colorado,Investment,2,False,Agency,57
C0046,Individual,1964-09-24,F,USA,California,Home,5,False,Client,62
C0047,Individual,1970-07-31,M,USA,Colorado,Home,2,False,Agency,56
C0048,Individual,1957-03-20,M,USA,California,Home,3,True,Agency,69
C0049,Individual,1971-08-20,F,USA,California,Home,1,False,Website,55
C0050,Individual,1940-05-03,M,USA,California,Home,5,False,Website,86
C0051,Individual,1941-03-03,F,USA,Colorado,Home,3,False,Agency,85
C0052,Individual,1967-03-02,F,USA,Oregon,Investment,2,False,Client,59
C0053,Individual,1954-07-01,M,USA,Arizona,Home,4,False,Agency,72
C0054,Company,1967-02-15,M,USA,Nevada,Investment,5,False,Website,59
C0055,Individual,1973-07-06,F,USA,California,Home,5,True,Agency,53
C0056,Individual,1964-07-12,M,USA,Oregon,Investment,5,False,Agency,62
C0057,Individual,1933-08-06,M,USA,California,Home,4,True,Agency,93
C0058,Company,1969-03-05,F,USA,California,Investment,1,True,Website,57
C0059,Individual,1960-06-16,M,USA,California,Home,2,False,Website,66
C0060,Individual,1972-07-05,F,USA,California,Home,5,False,Website,54
C0061,Individual,1967-12-05,M,USA,Utah,Home,5,False,Agency,58
C0062,Individual,1974-03-27,M,USA,California,Home,5,True,Client,52
C0063,Individual,1942-07-23,F,USA,Arizona,Home,4,False,Website,84
C0064,Individual,1974-10-02,M,UK,Northern Ireland,Investment,4,False,Agency,52
C0065,Individual,1972-03-26,M,USA,California,Home,1,False,Agency,54
C0066,Individual,1974-12-25,F,USA,California,Investment,3,False,Client,51
C0067,Individual,1977-10-06,M,USA,California,Home,2,False,Website,49
C0068,Individual,1966-02-26,F,USA,Colorado,Home,5,True,Agency,60
C0069,Individual,1970-01-04,M,USA,California,Investment,4,False,Website,56
C0070,Individual,1947-04-27,F,USA,Arizona,Home,4,True,Website,79
C0071,Individual,1985-12-27,M,USA,California,Home,1,True,Client,40
C0072,Individual,1953-03-02,M,USA,Nevada,Investment,2,False,Website,73
C0073,Individual,1965-11-01,F,Denmark,Capital Region,Investment,1,False,Agency,60
C0074,Individual,1959-01-01,F,USA,Oregon,Investment,5,False,Client,67
C0075,Individual,1970-05-05,F,USA,California,Home,3,False,Website,56
C0076,Individual,1956-03-13,M,USA,California,Home,5,False,Agency,70
C0077,Individual,1980-09-14,M,USA,California,Home,5,False,Website,46
C0078,Individual,1948-04-23,F,USA,California,Home,5,False,Website,78
C0079,Individual,1954-02-27,M,Belgium,Brussels,Investment,4,False,Website,72
C0080,Individual,1949-01-16,F,USA,California,Investment,3,False,Website,77
C0081,Individual,1943-07-24,F,USA,California,Home,4,True,Website,83
C0082,Individual,1981-12-26,F,USA,Virginia,Investment,5,False,Client,44
C0083,Individual,1938-10-29,M,USA,California,Home,5,False,Website,87
C0084,Individual,1948-02-23,M,USA,Wyoming,Home,3,False,Agency,78
C0085,Individual,1966-09-14,M,USA,California,Home,4,True,Agency,60
C0086,Individual,1968-12-20,F,USA,California,Home,3,True,Website,57
C0087,Individual,1979-05-15,F,USA,California,Home,4,False,Agency,47
C0088,Individual,1936-08-13,M,USA,Oregon,Investment,2,False,Website,90
C0089,Individual,1949-11-14,M,USA,California,Home,3,False,Agency,76
C0090,Individual,1982-05-27,M,USA,California,Home,5,False,Client,44
C0091,Individual,1959-11-13,F,USA,California,Home,4,False,Website,66
C0092,Individual,1971-05-29,M,USA,Kansas,Home,3,False,Website,55
C0093,Individual,1962-11-09,M,USA,California,Home,2,False,Agency,63
C0094,Individual,1948-04-23,F,USA,California,Home,5,False,Website,78
C0095,Individual,1964-03-16,M,USA,California,Home,3,True,Agency,62
C0096,Individual,1985-12-27,M,USA,California,Investment,3,True,Website,40
C0097,Individual,1943-06-18,M,USA,Virginia,Home,5,True,Website,83
C0098,Individual,1949-06-22,F,Russia,Saint Petersburg,Home,3,True,Agency,77
C0099,Individual,1941-01-12,M,USA,California,Investment,4,False,Website,85
C0100,Individual,1969-05-06,M,USA,California,Home,3,False,Website,57
C0101,Individual,1951-02-03,F,USA,Nevada,Home,3,False,Website,75
C0102,Individual,1947-02-13,M,USA,California,Investment,5,True,Website,79
C0103,Individual,1973-12-15,M,USA,Colorado,Home,3,False,Website,52
C0104,Individual,1978-09-14,M,USA,California,Home,5,False,Website,48
C0105,Individual,1959-03-11,F,USA,California,Investment,2,True,Website,67
C0106,Individual,1953-09-06,M,USA,Colorado,Home,4,False,Website,73
C0107,Individual,1959-06-08,M,USA,California,Home,4,True,Agency,67
C0108,Individual,1958-12-20,M,USA,California,Home,4,False,Agency,67
C0109,Individual,1933-05-05,F,USA,California,Investment,5,True,Agency,93
C0110,Individual,1959-05-06,F,USA,California,Investment,5,True,Agency,67
C0111,Individual,1979-06-27,M,USA,Arizona,Home,2,True,Website,47
C0112,Individual,1960-01-10,F,USA,California,Investment,1,True,Agency,66
C0113,Individual,1949-07-14,M,USA,Utah,Investment,4,False,Agency,77
C0114,Individual,1962-01-21,F,USA,California,Home,1,True,Website,64
C0115,Individual,1978-03-12,F,USA,California,Home,5,False,Agency,48
C0116,Individual,1955-07-08,F,USA,California,Investment,4,False,Website,71
C0117,Individual,1964-06-10,M,UK,Scotland,Investment,4,False,Agency,62
C0118,Individual,1948-09-11,F,USA,Oregon,Investment,5,False,Agency,78
C0119,Individual,1942-07-19,F,USA,California,Home,1,True,Website,84
C0120,Individual,1953-07-30,F,USA,California,Home,4,True,Website,73
C0121,Individual,1950-07-18,M,USA,Nevada,Home,2,False,Website,76
C0122,Individual,1973-08-18,F,USA,California,Home,1,True,Agency,53
C0123,Individual,1962-08-25,F,USA,California,Home,4,True,Website,64
C0124,Individual,1963-07-15,F,USA,California,Home,4,False,Agency,63
C0125,Individual,1976-12-25,M,USA,Colorado,Home,4,True,Agency,49
C0126,Individual,1972-11-07,F,USA,California,Investment,2,False,Agency,53
C0127,Individual,1974-07-18,M,USA,Nevada,Home,2,True,Website,52
C0128,Company,1963-05-22,M,USA,Nevada,Investment,5,True,Website,63
C0129,Individual,1973-07-17,M,USA,Arizona,Investment,5,False,Website,53
C0130,Individual,1959-04-20,M,USA,Nevada,Home,3,True,Website,67
C0131,Individual,1971-02-12,M,USA,California,Home,1,False,Website,55
C0132,Individual,1965-07-20,M,USA,Nevada,Home,1,True,Agency,61
C0133,Individual,1946-09-14,M,USA,California,Investment,4,False,Agency,80
C0134,Individual,1932-06-13,F,Russia,Novosibirsk,Investment,3,False,Website,94
C0135,Individual,1939-05-03,M,USA,Utah,Investment,2,False,Agency,87
C0136,Individual,1973-09-15,M,USA,California,Home,3,False,Website,53
C0137,Individual,1957-10-29,F,USA,California,Home,3,True,Website,68
C0138,Individual,1939-06-30,F,USA,Oregon,Investment,3,True,Website,87
C0139,Individual,1969-10-14,F,USA,California,Home,5,True,Website,56
C0140,Individual,1952-06-18,F,USA,California,Home,3,False,Website,74
C0141,Individual,1986-06-21,F,USA,California,Home,5,False,Website,40
C0142,Individual,1978-04-06,F,USA,Nevada,Home,3,True,Website,48
C0143,Individual,1958-02-24,M,USA,California,Home,1,False,Website,68
C0144,Individual,1954-09-29,M,USA,California,Home,4,False,Agency,72
C0145,Individual,1964-11-30,F,USA,California,Home,4,False,Website,61
C0146,Individual,1963-01-02,M,USA,Colorado,Home,2,False,Website,63
C0147,Individual,1948-02-20,M,USA,Utah,Home,4,False,Client,78
C0148,Individual,1969-04-19,M,USA,Colorado,Investment,4,True,Agency,57
C0149,Individual,1955-02-12,M,Russia,Krasnodar Krai,Investment,3,False,Agency,71
C0150,Individual,1968-08-25,M,USA,California,Home,2,True,Website,58
C0151,Individual,1976-08-17,F,USA,Oregon,Home,1,False,Agency,50
C0152,Individual,1967-01-19,F,USA,California,Investment,2,True,Agency,59
C0153,Individual,1983-02-24,F,USA,California,Home,5,False,Website,43
C0154,Individual,1965-01-24,F,USA,California,Home,4,True,Agency,61
C0155,Company,1975-08-18,M,USA,California,Investment,5,False,Agency,51
C0156,Individual,1966-05-26,F,USA,California,Home,5,False,Website,60
C0157,Individual,1952-05-15,M,USA,Colorado,Home,2,True,Client,74
C0158,Individual,1979-03-12,F,USA,Virginia,Investment,3,True,Agency,47
C0159,Individual,1942-04-14,M,USA,California,Home,3,False,Website,84
C0160,Individual,1959-11-06,F,USA,California,Home,4,False,Website,66
C0161,Individual,1951-10-11,M,USA,California,Home,5,False,Website,75
C0162,Individual,1953-09-15,M,USA,California,Home,4,False,Website,73
C0163,Individual,1986-03-24,M,USA,Utah,Investment,5,True,Agency,40
C0164,Individual,1986-09-20,M,USA,Arizona,Home,5,False,Website,40
C0165,Individual,1956-11-07,F,USA,California,Home,3,True,Website,69
C0166,Individual,1984-01-24,F,USA,Arizona,Home,4,True,Agency,42
C0167,Individual,1955-02-02,F,UK,Scotland,Home,3,True,Website,71
C0168,Individual,1960-06-06,F,USA,Nevada,Home,3,False,Agency,66
C0169,Individual,1990-08-13,M,USA,Ohio,Investment,5,True,Agency,36
C0170,Individual,1949-06-13,M,USA,California,Home,5,False,Website,77
C0171,Individual,1991-05-05,F,USA,Washington,Investment,5,True,Client,35
C0172,Individual,1992-09-16,F,USA,Washington,Home,1,True,Agency,34
C0173,Individual,1976-07-20,F,USA,Arizona,Home,5,True,Agency,50
C0174,Individual,1982-06-07,F,USA,California,Investment,3,False,Client,44
C0175,Individual,1962-05-04,M,USA,Washington,Home,5,False,Agency,64
C0176,Individual,1993-06-27,F,USA,California,Home,2,False,Website,33
C0177,Individual,1951-05-03,F,UK,England,Home,5,True,Website,75
C0178,Individual,1952-12-23,F,USA,Virginia,Home,4,False,Agency,73
C0179,Individual,1986-11-02,F,USA,Oregon,Investment,2,False,Website,39
C0180,Individual,1943-01-28,M,USA,California,Home,2,True,Agency,83
C0181,Individual,1970-04-26,M,USA,Texas,Home,2,True,Website,56
C0182,Individual,1971-02-12,F,Germany,North Rhine-Westphalia,Investment,1,True,Website,55
C0183,Individual,1988-09-15,M,USA,Nevada,Home,3,False,Website,38
C0184,Individual,1994-01-21,M,USA,Florida,Home,1,False,Website,32
C0185,Individual,1945-02-07,F,USA,Nevada,Home,4,True,Agency,81
C0186,Individual,1982-02-04,F,USA,Virginia,Home,1,False,Website,44
C0187,Individual,1990-01-17,F,USA,Florida,Home,1,False,Website,36
C0188,Individual,1940-08-10,M,USA,Oregon,Home,5,True,Website,86
C0189,Individual,1958-11-12,F,USA,California,Home,2,False,Agency,67
C0190,Individual,1971-10-19,F,USA,California,Home,2,False,Website,54
C0191,Individual,1977-06-05,F,USA,Florida,Home,3,False,Agency,49
C0192,Individual,1984-04-02,F,Belgium,Brussels,Investment,2,True,Website,42
C0193,Individual,1968-09-08,F,USA,California,Investment,4,True,Website,58
C0194,Individual,1953-08-18,M,France,Ile-De-France,Home,5,True,Website,73
C0195,Individual,1947-06-19,M,USA,California,Home,2,True,Website,79
C0196,Individual,1957-04-22,M,USA,Nevada,Investment,5,False,Agency,69
C0197,Individual,1944-01-07,M,USA,Virginia,Home,4,False,Client,82
C0198,Individual,1976-01-28,F,USA,California,Home,4,False,Website,50
C0199,Individual,1958-04-13,M,USA,California,Home,3,False,Agency,68
C0200,Individual,1944-06-05,F,USA,California,Home,1,False,Agency,82
C0201,Individual,1968-02-13,F,USA,California,Home,1,False,Agency,58
C0202,Individual,1996-11-11,M,Canada,British Columbia,Home,1,False,Website,29
C0203,Individual,1956-05-18,F,USA,California,Home,4,False,Client,70
C0204,Individual,1947-10-01,F,USA,California,Home,5,False,Agency,79
C0205,Individual,1968-08-26,F,Mexico,Puebla,Home,1,True,Agency,58
C0206,Individual,1957-08-05,F,USA,California,Home,1,True,Agency,69
C0207,Individual,1944-11-19,M,USA,Virginia,Investment,4,False,Website,81
C0208,Individual,1986-03-26,M,France,Provence,Home,4,True,Agency,40
C0209,Individual,1949-08-22,M,USA,Arizona,Investment,3,False,Agency,77
C0210,Individual,1943-03-24,F,USA,Colorado,Home,2,False,Website,83
C0211,Individual,1972-02-23,F,USA,California,Home,3,False,Agency,54
C0212,Individual,1956-03-23,M,USA,California,Home,4,False,Agency,70
C0213,Individual,1976-10-23,M,USA,Florida,Investment,5,False,Agency,49
C0214,Individual,1946-07-18,F,Belgium,Brussels,Investment,5,False,Website,80
C0215,Individual,1999-11-07,F,Germany,Hamburg,Investment,4,False,Website,26
C0216,Individual,1999-07-19,M,USA,Utah,Home,1,False,Website,27
C0217,Individual,1984-11-07,F,USA,Colorado,Home,3,False,Website,41
C0218,Individual,1970-01-24,F,USA,California,Home,2,False,Website,56
C0219,Individual,1988-01-20,M,USA,California,Home,4,False,Website,38
C0220,Individual,1951-06-06,M,Canada,Ontario,Investment,1,False,Website,75
C0221,Company,1987-05-14,F,USA,California,Home,5,False,Website,39
C0222,Individual,1956-08-11,M,USA,Utah,Investment,3,False,Agency,70
C0223,Individual,1973-12-11,M,USA,Colorado,Investment,3,True,Website,52
C0224,Individual,1960-08-23,M,USA,Colorado,Home,5,False,Website,66
C0225,Individual,1948-12-19,F,USA,California,Home,1,True,Agency,77
C0226,Individual,1958-11-07,F,USA,Colorado,Home,2,False,Website,67
C0227,Individual,1944-10-23,F,USA,Arizona,Home,5,True,Website,81
C0228,Individual,1952-04-23,F,USA,Oregon,Investment,4,False,Website,74
C0229,Individual,1981-11-19,M,USA,Colorado,Investment,5,False,Website,44
C0230,Company,1977-07-22,M,USA,Nevada,Investment,4,True,Website,49
C0231,Individual,1993-12-18,M,Denmark,Central Denmark,Investment,2,True,Website,32
C0232,Individual,1962-04-05,F,USA,California,Home,3,True,Website,64
C0233,Individual,1997-10-09,M,France,Provence,Home,4,True,Website,28
C0234,Individual,1979-02-03,F,USA,New York,Home,1,True,Website,47
C0235,Individual,1949-10-10,M,USA,California,Home,5,False,Website,77
C0236,Individual,1972-10-08,M,Canada,Manitoba,Home,3,False,Agency,53
C0237,Individual,1984-03-11,M,USA,California,Home,5,True,Website,42
C0238,Individual,1982-08-01,F,USA,Virginia,Home,4,True,Agency,44
C0239,Individual,1973-02-18,F,USA,Oregon,Home,3,True,Website,53
C0240,Individual,1942-05-15,F,USA,Colorado,Investment,3,False,Website,84
C0241,Individual,1962-01-14,F,Mexico,Nuevo Leon,Home,5,True,Website,64
C0242,Individual,1998-03-16,M,USA,Utah,Home,3,True,Agency,28
C0243,Individual,1978-11-07,F,USA,Utah,Home,2,False,Website,47
C0244,Individual,1998-03-08,F,USA,California,Home,1,False,Website,28
C0245,Individual,1974-07-01,M,USA,Nevada,Investment,4,False,Agency,52
C0246,Individual,1992-05-15,M,France,Normandy,Home,1,True,Agency,34
C0247,Individual,1965-01-18,M,USA,California,Home,1,False,Website,61
C0248,Individual,1968-09-12,M,USA,Florida,Home,4,True,Agency,58
C0249,Individual,1968-05-12,F,USA,California,Investment,4,False,Agency,58
C0250,Individual,1947-10-19,M,UK,England,Home,2,False,Agency,78
C0251,Individual,1976-11-08,F,USA,Utah,Home,5,False,Website,49
C0252,Individual,1953-08-23,F,USA,Nevada,Investment,2,False,Website,73
C0253,Individual,1994-09-15,F,USA,Virginia,Home,4,False,Website,32
C0254,Individual,1956-07-21,F,USA,Florida,Home,5,False,Website,70
C0255,Individual,1961-08-02,F,UK,England,Investment,3,True,Client,65
C0256,Individual,1990-10-12,M,USA,California,Home,1,True,Website,35
C0257,Individual,1974-10-22,M,USA,California,Home,1,False,Website,51
C0258,Individual,1991-04-15,M,UK,Northern Ireland,Home,4,True,Agency,35
C0259,Individual,1990-02-15,F,USA,Oregon,Home,4,False,Website,36
C0260,Individual,1946-04-08,F,USA,Nevada,Investment,3,False,Website,80
C0261,Company,1985-05-13,F,USA,Florida,Investment,4,True,Website,41
C0262,Individual,1947-05-25,M,USA,Oregon,Home,2,False,Website,79
C0263,Individual,1981-02-08,M,USA,Nevada,Investment,2,True,Website,45
C0264,Individual,1992-12-09,F,USA,Colorado,Home,2,True,Agency,33
C0265,Company,1967-04-13,M,Belgium,Flanders,Home,1,False,Website,59
C0266,Individual,1977-02-26,M,USA,California,Home,5,True,Agency,49
C0267,Individual,1948-12-11,F,USA,Utah,Home,4,True,Agency,77
C0268,Individual,1959-02-21,F,USA,Georgia,Investment,3,False,Website,67
C0269,Individual,1969-04-02,M,USA,New York,Home,2,False,Agency,57
C0270,Individual,1944-07-21,F,USA,Florida,Home,5,False,Website,82
C0271,Individual,1972-04-28,F,USA,California,Investment,3,False,Agency,54
C0272,Individual,1993-03-08,F,UK,Scotland,Home,5,True,Website,33
C0273,Individual,1987-02-27,M,Denmark,Zealand,Investment,2,False,Website,39
C0274,Individual,1950-01-10,M,USA,Florida,Home,2,False,Website,76
C0275,Individual,2000-06-26,M,USA,Oregon,Home,1,True,Website,26
C0276,Individual,1953-02-16,F,USA,Washington,Home,5,False,Website,73
C0277,Individual,1954-11-17,M,USA,Colorado,Investment,1,True,Agency,71
C0278,Individual,1955-03-08,F,USA,California,Investment,2,True,Website,71
C0279,Individual,1967-05-15,F,USA,Oregon,Home,1,False,Website,59
C0280,Individual,1944-04-14,M,USA,Florida,Home,4,False,Client,82
C0281,Individual,1977-03-22,F,USA,California,Home,1,True,Agency,49
C0282,Individual,1997-10-18,F,USA,California,Investment,1,False,Website,28
C0283,Individual,1962-12-05,F,USA,Arizona,Home,2,True,Agency,63
C0284,Individual,1977-02-25,M,USA,Arizona,Home,4,False,Client,49
C0285,Individual,1999-09-03,M,France,Ile-De-France,Investment,3,False,Website,27
C0286,Individual,1996-03-24,M,UK,Scotland,Home,1,False,Agency,30
C0287,Individual,1990-10-06,F,Australia,New South Wales,Home,5,False,Website,35
C0288,Individual,1997-03-11,M,USA,Colorado,Investment,4,False,Agency,29
C0289,Individual,1993-06-14,F,USA,California,Investment,5,False,Agency,33
C0290,Individual,1962-01-01,M,USA,California,Home,2,False,Website,64
C0291,Individual,1953-06-07,M,USA,Nevada,Home,2,False,Agency,73
C0292,Individual,1945-02-12,F,USA,California,Home,1,False,Agency,81
C0293,Individual,1993-01-07,F,USA,California,Investment,4,False,Website,33
C0294,Individual,1963-07-17,M,USA,Nevada,Home,3,True,Website,63
C0295,Individual,1967-07-09,M,Russia,Tatarstan,Home,3,False,Agency,59
C0296,Individual,1984-06-04,M,Canada,Manitoba,Home,1,True,Client,42
C0297,Individual,1972-11-19,F,UK,Wales,Investment,5,False,Agency,53
C0298,Individual,1972-10-11,F,USA,Oregon,Home,3,False,Website,53
C0299,Individual,1977-03-05,F,UK,Wales,Home,5,False,Agency,49
C0300,Individual,1959-11-04,M,Canada,Alberta,Home,5,True,Website,66
C0301,Individual,1959-02-03,F,USA,Virginia,Home,4,False,Agency,67
C0302,Individual,1976-07-25,F,USA,Utah,Investment,1,False,Agency,50
C0303,Individual,1957-10-07,F,USA,Virginia,Investment,5,True,Website,69
C0304,Individual,1959-12-22,M,USA,California,Investment,1,False,Agency,66
C0305,Individual,1995-11-22,F,USA,Arizona,Home,1,False,Website,30
C0306,Individual,1988-05-04,M,USA,California,Home,1,False,Client,38
C0307,Individual,1992-10-13,M,USA,California,Home,5,True,Client,33
C0308,Individual,1972-10-10,F,Belgium,Flanders,Investment,4,True,Agency,53
C0309,Individual,1957-10-15,F,USA,Washington,Home,4,False,Agency,68
C0310,Individual,1992-02-05,M,UK,Northern Ireland,Home,3,False,Website,34
C0311,Individual,1952-09-03,M,USA,Georgia,Home,2,False,Website,74
C0312,Individual,1941-01-14,M,USA,Nevada,Home,3,True,Website,85
C0313,Company,1974-12-04,M,USA,California,Home,1,False,Agency,51
C0314,Individual,1982-08-23,M,USA,Washington,Investment,4,False,Agency,44
C0315,Individual,1987-03-18,M,Mexico,Baja California,Investment,5,False,Website,39
C0316,Individual,1997-04-14,M,UK,Scotland,Investment,4,True,Website,29
C0317,Individual,1999-11-17,F,USA,California,Investment,2,True,Website,26
C0318,Individual,1974-03-22,F,Germany,Berlin,Home,5,False,Website,52
C0319,Company,1995-12-11,F,USA,Texas,Home,5,True,Website,30
C0320,Individual,1984-01-12,M,USA,Texas,Home,3,True,Client,42
C0321,Individual,1992-12-01,M,USA,California,Investment,2,False,Agency,33
C0322,Individual,1996-12-25,F,USA,California,Home,2,True,Website,29
C0323,Individual,1975-09-16,F,USA,California,Investment,2,True,Website,51
C0324,Individual,1993-06-14,M,USA,Washington,Home,4,False,Website,33
C0325,Individual,1983-02-24,F,USA,California,Home,5,True,Agency,43
C0326,Individual,1958-10-05,M,USA,Oregon,Investment,4,True,Agency,68
C0327,Individual,1961-09-07,F,UK,Scotland,Home,1,False,Agency,65
C0328,Individual,1946-10-22,M,USA,California,Home,1,True,Client,79
C0329,Individual,1998-05-10,F,Germany,Hesse,Home,3,False,Agency,28
C0330,Individual,1975-06-21,M,USA,California,Home,1,False,Website,51
C0331,Individual,1984-05-23,F,USA,California,Investment,3,False,Agency,42
C0332,Individual,1989-12-15,M,USA,Texas,Investment,3,False,Website,36
C0333,Individual,1955-12-23,F,UK,Wales,Home,3,False,Website,70
C0334,Individual,1950-01-08,M,USA,Arizona,Investment,3,False,Agency,76
C0335,Individual,1975-12-24,M,USA,Arizona,Home,4,False,Website,50
C0336,Individual,1971-11-17,F,USA,California,Investment,5,False,Agency,54
C0337,Individual,1942-01-27,M,USA,Arizona,Home,3,True,Website,84
C0338,Individual,1943-05-28,M,USA,California,Home,5,True,Website,83
C0339,Individual,1963-05-10,M,USA,Utah,Investment,5,False,Agency,63
C0340,Individual,1940-11-25,M,USA,California,Investment,2,False,Agency,85
C0341,Individual,1982-10-11,M,USA,California,Investment,4,False,Agency,43
C0342,Individual,1974-08-15,M,USA,California,Investment,2,False,Client,52
C0343,Individual,1952-06-17,F,USA,California,Home,2,False,Website,74
C0344,Individual,1997-05-13,M,Canada,British Columbia,Home,2,True,Website,29
C0345,Individual,1969-09-15,F,USA,New York,Home,4,True,Website,57
C0346,Individual,1963-02-06,F,USA,California,Home,5,False,Agency,63
C0347,Individual,1992-05-24,M,USA,Washington,Home,3,True,Website,34
C0348,Individual,1982-02-13,M,USA,Colorado,Investment,5,True,Agency,44
C0349,Individual,1975-06-26,M,USA,Arizona,Home,2,True,Agency,51
C0350,Individual,1992-11-12,M,USA,Arizona,Home,2,False,Agency,33
C0351,Individual,1961-12-27,F,USA,Oregon,Home,5,False,Agency,64
C0352,Individual,1977-06-22,F,USA,Nevada,Investment,3,False,Agency,49
C0353,Individual,1964-04-24,F,USA,Arizona,Home,2,False,Agency,62
C0354,Individual,1998-10-23,F,USA,California,Home,4,False,Website,27
C0355,Individual,1951-10-16,M,Mexico,Baja California,Investment,1,False,Website,74
C0356,Individual,1976-06-06,F,USA,Georgia,Home,3,False,Website,50
C0357,Individual,1988-09-04,F,USA,California,Home,3,False,Website,38
C0358,Individual,1978-09-26,F,Australia,New South Wales,Home,3,True,Agency,48
C0359,Individual,1951-10-03,F,USA,California,Investment,1,False,Agency,75
C0360,Individual,1948-09-09,F,USA,Utah,Home,2,True,Agency,78
C0361,Individual,1958-08-09,M,UK,England,Home,1,True,Website,68
C0362,Individual,2000-06-09,F,USA,Utah,Home,4,False,Website,26
C0363,Individual,1959-01-25,F,USA,Utah,Investment,2,False,Client,67
C0364,Individual,1944-02-03,M,USA,Texas,Home,2,False,Website,82
C0365,Individual,1962-11-02,M,USA,Colorado,Investment,5,False,Agency,63
C0366,Individual,1983-04-26,M,USA,California,Home,4,False,Website,43
C0367,Individual,1964-11-25,M,USA,California,Investment,4,False,Agency,61
C0368,Individual,1992-11-08,F,USA,California,Home,4,True,Agency,33
C0369,Individual,1954-01-10,F,USA,Utah,Home,2,True,Agency,72
C0370,Individual,1957-09-23,F,Russia,Krasnodar Krai,Home,1,False,Website,69
C0371,Individual,1970-03-15,M,Belgium,Wallonia,Investment,3,False,Agency,56
C0372,Individual,1952-04-22,F,Belgium,Flanders,Investment,1,False,Agency,74
C0373,Individual,1993-01-27,F,USA,Georgia,Home,2,False,Agency,33
C0374,Individual,1993-07-11,F,Australia,New South Wales,Investment,4,True,Agency,33
C0375,Individual,1968-07-15,M,USA,California,Investment,4,False,Website,58
C0376,Individual,1953-04-19,F,USA,California,Home,3,False,Website,73
C0377,Individual,1998-05-14,M,USA,Washington,Home,4,False,Website,28
C0378,Individual,1957-11-28,F,USA,California,Investment,3,True,Website,68
C0379,Company,1977-04-22,M,USA,California,Investment,2,True,Client,49
C0380,Individual,1973-09-13,F,USA,California,Home,3,True,Website,53
C0381,Individual,1961-08-01,M,USA,California,Home,5,True,Agency,65
C0382,Individual,1975-08-08,M,USA,California,Investment,1,True,Agency,51
C0383,Company,1985-09-11,F,Mexico,Mexico City,Investment,3,False,Agency,41
C0384,Individual,1944-03-22,F,USA,California,Home,3,True,Website,82
C0385,Individual,1969-12-01,M,UK,Northern Ireland,Investment,4,False,Website,56
C0386,Individual,1976-03-25,F,USA,Colorado,Home,2,False,Client,50
C0387,Individual,1974-07-18,F,USA,California,Home,2,True,Website,52
C0388,Individual,1995-09-24,M,USA,California,Home,4,False,Agency,31
C0389,Individual,1954-11-18,M,USA,Colorado,Home,3,False,Website,71
C0390,Individual,1942-04-23,M,Canada,Quebec,Investment,2,False,Website,84
C0391,Individual,1966-12-11,F,USA,California,Home,5,False,Agency,59
C0392,Individual,1977-06-14,F,USA,Arizona,Home,2,True,Website,49
C0393,Individual,1988-08-06,F,USA,Arizona,Home,4,False,Agency,38
C0394,Individual,1954-11-24,F,USA,Colorado,Home,3,True,Website,71
C0395,Individual,1959-01-17,F,USA,Florida,Home,1,False,Website,67
C0396,Individual,2000-04-17,M,USA,Nevada,Home,5,False,Agency,26
C0397,Individual,2000-09-18,F,USA,California,Home,5,False,Website,26
C0398,Individual,1948-12-22,F,USA,Texas,Home,1,True,Agency,77
C0399,Individual,1984-09-06,M,USA,California,Home,4,False,Agency,42
C0400,Individual,1959-11-25,M,USA,California,Home,4,False,Agency,66
C0401,Individual,1969-07-21,M,USA,Arizona,Home,5,True,Website,57
C0402,Individual,1941-02-22,F,USA,Georgia,Home,5,False,Website,85
C0403,Individual,1963-03-25,F,Australia,New South Wales,Home,1,False,Website,63
C0404,Individual,1976-05-12,F,France,Normandy,Investment,1,False,Client,50
C0405,Company,1969-12-25,M,USA,Colorado,Home,1,False,Agency,56
C0406,Individual,1960-05-26,F,USA,Colorado,Home,3,False,Website,66
C0407,Individual,1982-04-23,F,USA,California,Home,2,False,Client,44
C0408,Individual,1977-03-02,M,USA,California,Home,3,False,Website,49
C0409,Individual,1972-09-18,M,USA,Nevada,Home,1,True,Website,54
C0410,Individual,1982-07-13,F,Russia,Saint Petersburg,Home,5,True,Agency,44
C0411,Individual,1983-09-05,F,USA,California,Home,2,False,Website,43
C0412,Individual,1984-04-24,F,UK,Scotland,Home,5,False,Website,42
C0413,Individual,1940-11-07,M,Canada,British Columbia,Home,3,False,Website,85
C0414,Individual,1962-07-12,M,USA,California,Home,4,False,Website,64
C0415,Individual,1980-09-07,F,USA,Nevada,Home,5,True,Agency,46
C0416,Company,1981-07-28,M,Germany,North Rhine-Westphalia,Investment,5,True,Client,45
C0417,Individual,1947-03-12,M,USA,Utah,Home,2,False,Website,79
C0418,Individual,1996-08-20,M,USA,Arizona,Home,5,False,Agency,30
C0419,Individual,1962-03-11,M,USA,Washington,Home,3,True,Agency,64
C0420,Individual,1994-04-01,F,USA,California,Home,5,False,Agency,32
C0421,Individual,1975-08-25,M,Germany,Hesse,Investment,5,True,Website,51
C0422,Company,1973-11-13,F,USA,California,Home,1,True,Client,52
C0423,Individual,1950-04-17,F,USA,California,Home,1,False,Client,76
C0424,Individual,1998-04-12,F,USA,Florida,Home,1,False,Website,28
C0425,Individual,1965-11-03,M,USA,Nevada,Home,2,False,Agency,60
C0426,Individual,1953-07-10,F,USA,Oregon,Home,4,True,Client,73
C0427,Individual,1994-06-09,F,USA,California,Home,4,True,Website,32
C0428,Individual,1962-07-20,F,USA,Oregon,Home,3,False,Agency,64
C0429,Individual,1995-05-11,F,USA,California,Home,3,True,Website,31
C0430,Individual,1974-05-10,M,USA,Nevada,Home,2,False,Agency,52
C0431,Individual,1969-05-05,M,USA,California,Home,5,True,Website,57
C0432,Company,1995-02-17,M,USA,California,Home,5,False,Agency,31
C0433,Individual,1969-03-03,F,USA,California,Investment,2,True,Website,57
C0434,Individual,1964-12-25,F,Russia,Tatarstan,Home,5,False,Website,61
C0435,Individual,1966-01-25,F,Australia,New South Wales,Home,5,True,Website,60
C0436,Individual,1972-12-05,M,USA,Colorado,Home,2,True,Client,53
C0437,Individual,1990-05-10,F,USA,Texas,Home,1,False,Website,36
C0438,Individual,1982-09-10,M,USA,Georgia,Investment,1,True,Client,44
C0439,Individual,1956-08-03,M,USA,Virginia,Home,2,False,Agency,70
C0440,Individual,1960-07-13,M,USA,California,Investment,1,False,Agency,66
C0441,Individual,1980-01-10,F,Russia,Krasnodar Krai,Investment,1,False,Agency,46
C0442,Individual,1975-04-14,F,USA,Colorado,Home,3,True,Website,51
C0443,Individual,1950-06-22,M,Denmark,Capital Region,Home,1,True,Agency,76
C0444,Individual,1941-03-15,F,USA,California,Home,2,False,Website,85
C0445,Individual,1995-12-11,F,USA,California,Home,2,True,Website,30
C0446,Individual,1955-01-02,M,USA,Colorado,Home,2,False,Website,71
C0447,Individual,1956-06-27,F,USA,New York,Home,2,False,Website,70
C0448,Individual,1980-10-06,M,USA,Nevada,Investment,2,False,Agency,45
C0449,Individual,1972-06-24,M,USA,Oregon,Investment,2,False,Agency,54
C0450,Individual,1992-02-19,M,Mexico,Nuevo Leon,Home,3,False,Website,34
C0451,Individual,1985-09-20,M,Canada,Alberta,Investment,5,True,Client,41
C0452,Individual,1967-10-17,M,USA,Washington,Home,3,False,Website,58
C0453,Individual,1993-04-16,M,UK,Scotland,Investment,1,False,Website,33
C0454,Company,1961-01-04,F,USA,Nevada,Investment,4,False,Agency,65
C0455,Individual,1963-01-02,F,USA,California,Home,1,False,Agency,63
C0456,Individual,1995-11-18,F,USA,Oregon,Home,3,True,Website,30
C0457,Individual,1980-07-19,M,UK,Wales,Investment,1,False,Agency,46
C0458,Individual,1995-04-07,M,USA,Oregon,Investment,1,False,Agency,31
C0459,Individual,1955-03-23,M,USA,California,Home,3,False,Agency,71
C0460,Individual,1992-12-25,F,USA,Virginia,Home,1,False,Website,33
C0461,Individual,1960-02-16,M,USA,Arizona,Home,1,False,Agency,66
C0462,Individual,1943-10-22,M,Australia,Victoria,Home,2,False,Agency,82
C0463,Individual,1970-06-13,M,USA,California,Home,5,False,Client,56
C0464,Individual,1974-11-12,M,USA,Florida,Home,5,False,Website,51
C0465,Individual,1949-02-09,M,USA,California,Home,3,False,Website,77
C0466,Individual,1988-05-19,F,USA,Virginia,Investment,2,False,Website,38
C0467,Individual,1952-05-04,F,USA,Ohio,Home,1,True,Agency,74
C0468,Individual,1952-11-13,M,Mexico,Jalisco,Investment,3,True,Website,73
C0469,Individual,1997-03-23,M,USA,California,Home,2,False,Website,29
C0470,Individual,1963-02-17,F,USA,Oregon,Home,1,False,Agency,63
C0471,Individual,1984-06-26,M,USA,Utah,Investment,3,False,Agency,42
C0472,Individual,1951-04-10,M,USA,California,Home,4,False,Website,75
C0473,Individual,1981-09-08,F,USA,California,Home,3,False,Agency,45
C0474,Individual,1995-08-12,M,USA,Nevada,Home,1,False,Website,31
C0475,Individual,1946-08-18,M,Belgium,Wallonia,Investment,2,True,Agency,80
C0476,Individual,1997-05-04,M,USA,Florida,Home,3,False,Agency,29
C0477,Individual,1984-01-02,M,USA,California,Investment,4,True,Website,42
C0478,Individual,1940-02-08,F,USA,Ohio,Investment,4,False,Website,86
C0479,Individual,1978-06-04,F,USA,California,Home,2,True,Agency,48
C0480,Individual,1974-09-16,M,USA,California,Home,4,True,Website,52
C0481,Individual,1976-12-12,M,USA,Arizona,Home,3,False,Agency,49
C0482,Individual,1980-08-10,F,USA,New York,Investment,3,True,Agency,46
C0483,Individual,1985-08-11,M,USA,Arizona,Investment,1,False,Website,41
C0484,Individual,1989-04-19,F,USA,Texas,Investment,3,False,Website,37
C0485,Individual,1991-07-10,F,USA,Arizona,Home,2,False,Website,35
C0486,Individual,1999-09-16,M,USA,California,Investment,2,True,Website,27
C0487,Individual,1991-10-23,F,USA,Washington,Home,5,False,Website,34
C0488,Individual,1979-11-05,F,USA,California,Investment,4,False,Agency,46
C0489,Individual,1950-08-06,M,Germany,Berlin,Investment,2,False,Website,76
C0490,Individual,1954-01-23,F,USA,Nevada,Investment,5,True,Website,72
C0491,Individual,1941-05-08,M,USA,Washington,Home,2,False,Website,85
C0492,Individual,2000-07-05,M,USA,Utah,Home,3,True,Website,26
C0493,Individual,1954-06-07,M,USA,Colorado,Home,3,False,Website,72
C0494,Individual,1990-03-08,F,USA,California,Home,3,True,Website,36
C0495,Individual,1954-02-18,M,USA,California,Investment,5,False,Client,72
C0496,Individual,1990-04-01,M,USA,California,Home,4,False,Agency,36
C0497,Individual,1985-02-02,F,USA,Arizona,Investment,4,True,Website,41
C0498,Individual,1948-11-21,F,Canada,Alberta,Home,2,True,Website,77
C0499,Individual,1946-10-02,F,USA,Colorado,Home,3,True,Agency,80
C0500,Individual,1977-03-15,M,USA,California,Home,4,True,Website,49
C0501,Individual,1995-12-11,M,USA,Nevada,Investment,5,True,Agency,30
C0502,Individual,1966-11-28,F,USA,Arizona,Home,4,False,Website,59
C0503,Individual,1943-09-26,M,USA,Utah,Investment,2,True,Client,83
C0504,Individual,1992-01-14,M,USA,Utah,Home,2,False,Website,34
C0505,Individual,1995-07-18,F,USA,Arizona,Home,3,False,Agency,31
C0506,Individual,1967-04-07,M,USA,California,Home,5,False,Agency,59
C0507,Individual,1951-02-26,M,USA,New York,Home,3,False,Website,75
C0508,Individual,1970-06-01,F,USA,Nevada,Home,5,False,Agency,56
C0509,Individual,1956-02-04,M,Belgium,Wallonia,Home,3,False,Website,70
C0510,Individual,1947-08-28,F,France,Brittany,Investment,1,True,Website,79
C0511,Individual,1954-07-20,F,UK,England,Home,2,False,Website,72
C0512,Individual,1945-06-27,F,USA,Arizona,Home,1,False,Client,81
C0513,Individual,1999-07-03,M,USA,Florida,Home,2,True,Agency,27
C0514,Individual,1977-08-17,F,USA,Oregon,Home,1,True,Website,49
C0515,Individual,1963-12-09,F,USA,California,Home,1,True,Website,62
C0516,Individual,1946-04-21,M,USA,Utah,Home,3,False,Website,80
C0517,Individual,1959-03-20,M,USA,California,Home,5,False,Client,67
C0518,Company,1962-05-22,F,USA,New York,Home,3,False,Website,64
C0519,Individual,1975-04-10,F,USA,Arizona,Investment,3,False,Agency,51
C0520,Individual,1970-11-02,F,USA,Oregon,Home,3,True,Agency,55
C0521,Individual,1967-02-04,F,Canada,British Columbia,Home,3,False,Website,59
C0522,Individual,1942-07-13,F,USA,Virginia,Home,5,False,Agency,84
C0523,Individual,1960-08-22,F,USA,Colorado,Home,2,False,Agency,66
C0524,Individual,1953-05-24,M,USA,Washington,Home,3,False,Website,73
C0525,Individual,1950-12-06,M,USA,Arizona,Home,4,True,Agency,75
C0526,Individual,1968-02-28,M,Germany,Bavaria,Home,5,False,Website,58
C0527,Individual,1979-07-19,M,USA,California,Home,2,False,Website,47
C0528,Individual,2000-09-08,M,USA,Washington,Investment,2,False,Client,26
C0529,Individual,1973-11-14,M,USA,Nevada,Home,4,True,Website,52
C0530,Individual,1952-07-09,F,USA,Utah,Home,2,True,Agency,74
C0531,Individual,1976-09-19,F,USA,California,Home,1,False,Website,50
C0532,Individual,1979-12-08,F,Belgium,Flanders,Home,2,False,Website,46
C0533,Individual,1963-06-09,M,USA,Nevada,Investment,1,False,Agency,63
C0534,Individual,1958-02-21,M,USA,California,Investment,1,False,Agency,68
C0535,Individual,1987-12-22,F,UK,Wales,Home,3,False,Agency,38
C0536,Individual,1956-03-14,F,USA,Arizona,Investment,5,True,Website,70
C0537,Individual,1962-04-25,M,USA,Florida,Home,2,False,Client,64
C0538,Individual,1969-04-23,M,USA,California,Home,1,True,Agency,57
C0539,Individual,1991-02-25,M,USA,California,Investment,1,True,Agency,35
C0540,Individual,1997-02-27,F,USA,New York,Home,3,False,Agency,29
C0541,Individual,2000-03-22,M,UK,Northern Ireland,Home,3,False,Agency,26
C0542,Company,1985-09-26,M,Mexico,Mexico City,Home,3,False,Website,41
C0543,Individual,1947-07-23,F,USA,Texas,Home,2,True,Website,79
C0544,Individual,1974-10-16,M,USA,Utah,Home,2,False,Website,51
C0545,Individual,1942-04-08,M,USA,Colorado,Home,1,True,Agency,84
C0546,Individual,1967-12-23,M,Canada,Manitoba,Home,4,False,Client,58
C0547,Individual,1947-09-20,F,USA,California,Investment,2,False,Agency,79
C0548,Individual,1980-11-04,M,USA,California,Home,2,False,Agency,45
C0549,Individual,1972-10-15,M,USA,Florida,Home,4,False,Website,53
C0550,Company,1967-09-04,F,USA,Nevada,Home,1,False,Agency,59
C0551,Individual,1960-05-17,M,USA,California,Investment,4,False,Website,66
C0552,Individual,1965-10-20,M,USA,Virginia,Investment,3,False,Agency,60
C0553,Individual,1978-11-26,M,USA,Arizona,Home,3,False,Website,47
C0554,Individual,1948-12-24,M,Australia,Victoria,Home,1,True,Agency,77
C0555,Individual,1971-04-23,M,USA,California,Investment,4,True,Agency,55
C0556,Individual,1958-10-17,M,USA,Colorado,Home,5,False,Website,67
C0557,Individual,1941-09-25,F,USA,Utah,Investment,2,False,Website,85
C0558,Individual,1974-10-23,F,Denmark,North Denmark,Home,3,False,Website,51
C0559,Company,1969-08-18,M,USA,California,Home,5,False,Client,57
C0560,Individual,1988-04-20,F,Australia,South Australia,Home,3,False,Website,38
C0561,Company,1962-11-20,F,USA,Arizona,Investment,3,False,Website,63
C0562,Individual,1940-11-23,F,USA,Utah,Investment,5,True,Website,85
C0563,Individual,1991-01-22,M,USA,California,Home,2,True,Agency,35
C0564,Individual,1952-02-09,M,USA,Texas,Home,1,False,Agency,74
C0565,Individual,1985-09-26,M,France,Brittany,Home,1,False,Website,41
C0566,Individual,2000-09-12,F,USA,Oregon,Investment,4,True,Agency,26
C0567,Individual,1953-07-10,F,Russia,Saint Petersburg,Investment,2,True,Agency,73
C0568,Individual,1953-04-09,M,USA,California,Home,3,False,Website,73
C0569,Individual,1971-05-12,F,USA,California,Home,5,True,Client,55
C0570,Individual,1965-03-06,F,France,Occitanie,Home,5,True,Website,61
C0571,Individual,1966-03-07,M,USA,California,Home,3,False,Website,60
C0572,Individual,1993-12-11,F,USA,California,Investment,5,False,Website,32
C0573,Company,1977-04-24,M,USA,Georgia,Home,4,True,Agency,49
C0574,Individual,1968-09-15,M,USA,California,Home,2,False,Agency,58
C0575,Individual,1966-01-21,M,USA,California,Investment,2,False,Website,60
C0576,Individual,1959-02-24,M,Germany,Hamburg,Home,1,False,Client,67
C0577,Individual,1989-05-18,M,USA,Arizona,Home,3,False,Website,37
C0578,Individual,1999-07-22,F,USA,Arizona,Home,5,True,Client,27
C0579,Individual,1941-04-09,M,USA,Texas,Investment,3,False,Website,85
C0580,Individual,1948-01-11,F,USA,California,Home,2,True,Client,78
C0581,Individual,1957-12-21,F,USA,California,Investment,5,True,Website,68
C0582,Individual,1940-10-02,F,USA,Washington,Investment,3,True,Website,86
C0583,Individual,1986-10-27,M,USA,California,Home,2,False,Agency,39
C0584,Individual,1982-03-11,F,USA,California,Home,5,False,Website,44
C0585,Individual,1961-07-02,M,USA,Colorado,Home,3,False,Agency,65
C0586,Individual,1977-06-14,M,USA,California,Home,2,True,Client,49
C0587,Individual,1992-11-24,F,USA,New York,Home,4,False,Website,33
C0588,Individual,1989-11-20,F,USA,Florida,Home,2,False,Website,36
C0589,Individual,1946-09-21,M,USA,Texas,Investment,5,False,Client,80
C0590,Individual,1966-09-16,M,UK,Scotland,Investment,2,False,Website,60
C0591,Individual,1968-03-09,F,USA,Nevada,Home,1,False,Website,58
C0592,Individual,1972-06-03,M,USA,Arizona,Investment,2,False,Client,54
C0593,Individual,1952-08-08,F,USA,California,Home,2,True,Agency,74
C0594,Individual,1942-02-08,F,USA,Utah,Home,1,False,Agency,84
C0595,Individual,1966-06-10,F,USA,Utah,Home,3,False,Agency,60
C0596,Individual,1976-04-17,M,USA,Nevada,Home,4,False,Agency,50
C0597,Individual,1986-02-17,M,UK,Northern Ireland,Home,2,True,Website,40
C0598,Individual,1949-06-24,M,USA,Colorado,Investment,4,False,Website,77
C0599,Individual,1998-03-19,F,Canada,Alberta,Home,2,False,Agency,28
C0600,Individual,1984-03-17,M,USA,Oregon,Investment,1,False,Client,42
C0601,Individual,1972-10-16,F,USA,California,Home,4,False,Website,53
C0602,Individual,1984-03-24,M,Germany,Bavaria,Home,4,False,Agency,42
C0603,Individual,1994-07-01,F,USA,New York,Home,4,True,Agency,32
C0604,Individual,1998-09-17,F,Belgium,Wallonia,Home,1,False,Agency,28
C0605,Individual,1974-06-28,M,USA,Utah,Home,4,True,Agency,52
C0606,Individual,1949-12-25,F,France,Ile-De-France,Investment,1,False,Website,76
C0607,Individual,1962-09-14,M,USA,California,Home,1,False,Agency,64
C0608,Individual,1956-06-14,M,USA,California,Home,4,False,Agency,70
C0609,Individual,1961-05-22,F,USA,Washington,Home,4,False,Agency,65
C0610,Individual,1970-10-05,F,USA,California,Investment,4,False,Website,56
C0611,Individual,1950-06-12,M,USA,California,Home,4,False,Agency,76
C0612,Individual,1960-01-26,M,USA,Florida,Home,4,False,Agency,66
C0613,Individual,1995-02-10,F,Australia,Victoria,Home,4,False,Agency,31
C0614,Individual,1972-07-01,M,UK,Wales,Home,3,True,Website,54
C0615,Individual,1957-12-01,M,USA,Utah,Home,2,True,Website,68
C0616,Individual,1963-04-17,F,USA,Virginia,Investment,1,True,Agency,63
C0617,Individual,1986-07-10,F,USA,Ohio,Home,5,True,Website,40
C0618,Individual,1968-11-05,M,USA,Texas,Home,3,False,Agency,57
C0619,Individual,1970-04-25,F,USA,Washington,Home,4,False,Website,56
C0620,Individual,1960-04-22,F,France,Brittany,Home,3,False,Website,66
C0621,Individual,1982-02-13,M,Germany,Bavaria,Investment,3,True,Agency,44
C0622,Individual,1987-09-10,F,USA,Washington,Investment,2,False,Client,39
C0623,Individual,1986-04-27,M,USA,Florida,Investment,3,True,Client,40
C0624,Individual,2000-02-09,M,USA,Nevada,Investment,3,False,Agency,26
C0625,Individual,1983-08-07,F,Belgium,Flanders,Investment,2,True,Agency,43
C0626,Individual,1968-06-13,F,Germany,Hamburg,Investment,2,False,Website,58
C0627,Individual,2000-07-11,F,USA,Arizona,Home,3,False,Agency,26
C0628,Individual,1985-05-16,M,Canada,British Columbia,Home,3,True,Agency,41
C0629,Individual,1946-09-07,F,USA,California,Investment,2,False,Agency,80
C0630,Individual,1965-07-28,M,USA,California,Home,2,False,Website,61
C0631,Individual,1966-11-12,F,USA,California,Home,5,False,Website,59
C0632,Individual,1948-05-16,M,UK,Northern Ireland,Home,4,False,Website,78
C0633,Individual,1941-12-05,F,USA,Nevada,Home,3,False,Agency,84
C0634,Individual,1980-11-17,M,USA,Washington,Investment,4,True,Website,45
C0635,Individual,1960-06-14,F,UK,Scotland,Investment,5,False,Website,66
C0636,Individual,1980-10-11,F,France,Brittany,Home,5,False,Website,45
C0637,Individual,1967-08-14,F,USA,California,Home,2,False,Website,59
C0638,Individual,1975-04-02,M,USA,Ohio,Home,5,True,Website,51
C0639,Individual,1961-03-03,M,UK,Scotland,Home,3,True,Website,65
C0640,Individual,1967-01-03,F,USA,Utah,Home,3,False,Agency,59
C0641,Company,1994-02-26,M,USA,Arizona,Home,2,False,Agency,32
C0642,Individual,1967-11-21,F,USA,California,Home,4,False,Website,58
C0643,Individual,1974-05-05,F,USA,California,Home,5,False,Website,52
C0644,Individual,1956-08-25,F,USA,California,Home,4,True,Agency,70
C0645,Individual,1988-07-18,M,USA,Nevada,Home,2,False,Client,38
C0646,Individual,1995-07-21,F,USA,Arizona,Investment,5,False,Agency,31
C0647,Individual,1946-06-02,F,USA,California,Home,4,False,Agency,80
C0648,Individual,1999-02-03,F,USA,California,Home,1,True,Website,27
C0649,Individual,1995-01-03,F,USA,California,Home,4,False,Agency,31
C0650,Company,1976-02-19,M,France,Occitanie,Home,3,True,Client,50
C0651,Company,1993-01-14,M,USA,Washington,Home,1,False,Agency,33
C0652,Individual,1993-08-12,F,USA,Washington,Home,2,False,Website,33
C0653,Individual,1970-07-22,M,USA,Ohio,Home,2,False,Client,56
C0654,Individual,1960-07-05,M,USA,New York,Home,2,True,Website,66
C0655,Individual,1950-05-19,F,USA,Nevada,Home,1,True,Agency,76
C0656,Individual,1977-08-02,F,USA,Colorado,Home,5,False,Client,49
C0657,Individual,1956-09-26,M,USA,California,Home,2,False,Agency,70
C0658,Individual,1999-12-13,F,USA,Virginia,Home,3,True,Agency,26
C0659,Individual,1988-06-10,F,USA,California,Home,4,True,Agency,38
C0660,Individual,1991-10-08,M,USA,Arizona,Home,4,True,Client,34
C0661,Individual,1961-06-25,F,Canada,Manitoba,Home,3,False,Website,65
C0662,Individual,1957-08-25,F,USA,California,Investment,3,False,Website,69
C0663,Individual,1958-02-02,M,USA,California,Home,2,True,Agency,68
C0664,Individual,1958-08-17,M,Canada,Alberta,Investment,5,True,Website,68
C0665,Individual,1959-08-27,M,USA,Colorado,Investment,1,False,Agency,67
C0666,Individual,1948-09-10,F,USA,California,Investment,1,False,Website,78
C0667,Individual,1966-07-07,M,USA,Arizona,Investment,2,False,Agency,60
C0668,Individual,1978-11-15,F,France,Ile-De-France,Investment,4,True,Website,47
C0669,Individual,1958-03-18,F,Canada,British Columbia,Home,3,False,Agency,68
C0670,Company,1976-06-18,M,USA,Nevada,Investment,4,False,Website,50
C0671,Individual,1941-09-12,M,USA,Colorado,Home,4,True,Client,85
C0672,Individual,1967-10-03,F,USA,California,Home,2,False,Website,59
C0673,Individual,1965-10-19,F,USA,California,Home,4,False,Website,60
C0674,Individual,1986-05-26,F,USA,California,Investment,4,False,Website,40
C0675,Individual,1969-12-23,F,USA,Texas,Home,5,False,Website,56
C0676,Individual,1942-12-06,F,USA,Nevada,Home,2,False,Agency,83
C0677,Individual,1981-02-09,M,USA,Arizona,Investment,2,False,Agency,45
C0678,Individual,1972-10-19,M,USA,California,Home,4,True,Website,53
C0679,Individual,1964-02-12,F,USA,Nevada,Home,1,False,Agency,62
C0680,Individual,1965-04-16,M,USA,Utah,Investment,2,False,Agency,61
C0681,Company,1977-04-25,F,USA,California,Home,3,False,Agency,49
C0682,Individual,1973-12-06,M,USA,California,Home,5,False,Website,52
C0683,Individual,1948-08-20,M,USA,Colorado,Home,2,True,Agency,78
C0684,Individual,1985-05-10,M,USA,California,Home,1,False,Agency,41
C0685,Individual,1987-04-18,F,USA,Washington,Home,5,False,Agency,39
C0686,Individual,1963-11-17,M,USA,California,Home,1,True,Website,62
C0687,Individual,1959-03-01,F,USA,Utah,Home,3,True,Website,67
C0688,Individual,1968-04-12,F,USA,Colorado,Investment,5,True,Website,58
C0689,Individual,1998-04-17,F,USA,California,Home,4,False,Website,28
C0690,Individual,1985-09-09,F,USA,Oregon,Home,4,True,Agency,41
C0691,Individual,1943-07-22,M,USA,California,Investment,4,False,Agency,83
C0692,Individual,1964-03-14,M,USA,Georgia,Investment,3,False,Agency,62
C0693,Individual,1957-04-28,M,USA,California,Investment,5,True,Agency,69
C0694,Company,1989-07-13,M,UK,Scotland,Investment,2,False,Website,37
C0695,Individual,1947-03-24,M,USA,Washington,Home,4,False,Website,79
C0696,Individual,1994-06-03,F,USA,Washington,Investment,5,True,Agency,32
C0697,Individual,1986-01-11,M,USA,California,Investment,4,True,Agency,40
C0698,Individual,1946-07-16,F,USA,California,Home,2,True,Website,80
C0699,Individual,1986-12-22,M,USA,Washington,Home,1,True,Agency,39
C0700,Individual,1944-04-14,F,USA,Washington,Home,5,False,Website,82
C0701,Individual,1962-09-17,F,UK,England,Investment,1,False,Website,64
C0702,Individual,1966-07-24,M,USA,Arizona,Home,5,False,Agency,60
C0703,Company,1984-05-15,M,USA,Colorado,Home,3,False,Website,42
C0704,Individual,1942-01-23,F,USA,Georgia,Home,4,False,Agency,84
C0705,Individual,1940-12-18,M,USA,Nevada,Home,3,False,Website,85
C0706,Individual,1984-06-23,M,UK,England,Investment,2,False,Client,42
C0707,Individual,1995-09-23,M,USA,Virginia,Home,5,True,Website,31
C0708,Individual,1964-11-28,M,USA,California,Home,2,False,Client,61
C0709,Individual,1982-06-11,F,USA,Georgia,Home,2,True,Agency,44
C0710,Individual,1946-08-18,M,USA,Oregon,Home,2,True,Agency,80
C0711,Individual,1995-10-20,F,USA,California,Investment,3,False,Agency,30
C0712,Individual,1991-01-21,M,USA,California,Home,1,False,Agency,35
C0713,Individual,1997-02-14,F,USA,California,Investment,3,False,Agency,29
C0714,Individual,1977-03-01,M,Russia,Saint Petersburg,Home,3,False,Website,49
C0715,Individual,1982-05-08,F,USA,Utah,Home,3,False,Website,44
C0716,Individual,1994-10-24,M,UK,Northern Ireland,Home,1,False,Client,31
C0717,Individual,1946-09-06,F,USA,Arizona,Investment,3,True,Agency,80
C0718,Individual,1944-08-10,F,France,Ile-De-France,Home,2,True,Website,82
C0719,Individual,1974-02-07,M,USA,California,Investment,2,True,Agency,52
C0720,Individual,1981-05-17,F,USA,California,Investment,1,True,Agency,45
C0721,Individual,1999-07-03,F,USA,Florida,Home,4,False,Website,27
C0722,Individual,1943-11-09,F,USA,Texas,Home,1,False,Website,82
C0723,Individual,1999-04-19,F,Germany,North Rhine-Westphalia,Home,3,True,Website,27
C0724,Individual,1960-09-27,M,USA,Arizona,Investment,4,True,Agency,66
C0725,Individual,1983-03-07,F,USA,New York,Home,3,False,Website,43
C0726,Individual,1977-01-25,F,USA,Georgia,Home,4,False,Website,49
C0727,Individual,1941-08-24,M,USA,California,Investment,3,True,Client,85
C0728,Individual,1971-07-23,M,USA,California,Home,3,True,Agency,55
C0729,Individual,1944-04-01,M,USA,Washington,Investment,3,True,Agency,82
C0730,Individual,1988-09-05,M,USA,California,Investment,4,False,Website,38
C0731,Individual,2000-10-18,M,USA,California,Home,5,False,Agency,25
C0732,Individual,1985-03-03,M,USA,Oregon,Home,5,False,Website,41
C0733,Individual,1976-03-01,F,USA,Nevada,Home,5,False,Agency,50
C0734,Individual,1981-06-27,F,USA,Virginia,Investment,5,True,Client,45
C0735,Individual,1994-10-08,M,Germany,Hesse,Investment,4,False,Website,31
C0736,Individual,1942-06-13,M,USA,Utah,Investment,3,False,Agency,84
C0737,Individual,1978-08-15,M,USA,California,Investment,3,False,Agency,48
C0738,Individual,1980-09-21,M,USA,Texas,Home,5,False,Website,46
C0739,Individual,1965-03-16,M,USA,California,Home,2,False,Agency,61
C0740,Individual,1966-08-12,F,USA,Utah,Investment,1,False,Client,60
C0741,Individual,1962-11-08,F,USA,California,Home,2,False,Website,63
C0742,Individual,1980-08-21,M,UK,Wales,Home,1,True,Website,46
C0743,Individual,1972-10-09,M,USA,Oregon,Investment,4,True,Website,53
C0744,Individual,1950-10-11,F,USA,Virginia,Home,1,False,Website,76
C0745,Individual,1997-06-18,F,USA,California,Investment,5,False,Website,29
C0746,Individual,1956-10-13,M,UK,Scotland,Home,4,False,Website,69
C0747,Individual,1992-04-18,M,USA,Florida,Home,4,True,Website,34
C0748,Company,1974-05-03,F,USA,California,Home,1,True,Client,52
C0749,Individual,1992-11-26,F,USA,New York,Home,5,False,Agency,33
C0750,Individual,1976-08-06,F,USA,Nevada,Investment,1,False,Agency,50
C0751,Individual,1974-09-19,M,USA,California,Home,5,False,Client,52
C0752,Individual,1954-12-17,F,Belgium,Brussels,Investment,3,False,Agency,71
C0753,Individual,1960-12-22,M,Germany,Hamburg,Home,5,False,Website,65
C0754,Individual,1970-08-17,F,USA,Arizona,Investment,3,False,Website,56
C0755,Company,1967-12-23,F,USA,California,Home,5,False,Website,58
C0756,Individual,1963-03-19,F,USA,Utah,Home,5,True,Website,63
C0757,Individual,1946-09-05,M,USA,Oregon,Home,3,True,Website,80
C0758,Individual,1958-12-08,M,USA,California,Investment,2,False,Website,67
C0759,Individual,1991-10-27,M,USA,Florida,Home,4,False,Website,34
C0760,Individual,1964-12-27,F,USA,California,Investment,3,False,Website,61
C0761,Individual,1981-08-24,F,Belgium,Flanders,Home,2,False,Agency,45
C0762,Individual,1967-01-07,F,USA,Ohio,Home,4,False,Website,59
C0763,Company,1971-07-18,F,USA,Georgia,Home,3,False,Agency,55
C0764,Individual,1983-09-02,F,UK,Northern Ireland,Investment,4,False,Client,43
C0765,Individual,1967-06-22,M,France,Brittany,Home,3,False,Website,59
C0766,Individual,1994-04-09,M,Germany,North Rhine-Westphalia,Home,3,True,Client,32
C0767,Individual,1961-02-02,M,Canada,British Columbia,Investment,2,False,Agency,65
C0768,Individual,1992-07-22,M,Denmark,Southern Denmark,Investment,5,True,Website,34
C0769,Individual,1958-02-21,F,USA,Ohio,Home,4,False,Agency,68
C0770,Individual,1951-09-02,F,Russia,Krasnodar Krai,Home,4,False,Website,75
C0771,Company,1984-09-06,M,USA,California,Home,1,False,Website,42
C0772,Individual,1991-09-25,M,USA,California,Investment,1,False,Client,35
C0773,Individual,1964-09-12,M,Russia,Saint Petersburg,Home,1,False,Website,62
C0774,Individual,1983-03-23,M,USA,Georgia,Home,5,True,Agency,43
C0775,Individual,1975-12-25,F,USA,Arizona,Home,1,False,Agency,50
C0776,Individual,1966-11-06,F,Germany,Bavaria,Home,4,True,Agency,59
C0777,Company,1982-05-15,M,USA,Arizona,Home,1,False,Client,44
C0778,Individual,1998-07-22,M,USA,California,Investment,4,True,Agency,28
C0779,Individual,1953-05-04,F,USA,California,Home,5,True,Agency,73
C0780,Individual,1947-01-08,F,USA,California,Home,3,False,Website,79
C0781,Individual,1940-11-28,M,USA,California,Investment,5,True,Website,85
C0782,Individual,1970-02-10,M,USA,Utah,Investment,2,True,Website,56
C0783,Individual,1961-03-27,F,Canada,Alberta,Home,1,True,Agency,65
C0784,Individual,1973-06-26,M,Mexico,Baja California,Investment,4,False,Website,53
C0785,Company,1971-03-27,F,USA,California,Home,2,False,Website,55
C0786,Individual,1983-03-25,F,USA,California,Investment,3,False,Website,43
C0787,Individual,1950-11-20,M,USA,Washington,Home,1,False,Website,75
C0788,Individual,1944-05-14,M,France,Brittany,Investment,4,False,Website,82
C0789,Individual,1974-06-04,F,Canada,Ontario,Investment,1,False,Website,52
C0790,Individual,1974-01-18,M,USA,California,Home,5,True,Agency,52
C0791,Individual,1983-07-01,M,USA,Texas,Home,4,False,Website,43
C0792,Individual,1982-04-14,M,USA,California,Investment,4,True,Website,44
C0793,Individual,1969-04-09,M,USA,New York,Home,4,False,Agency,57
C0794,Individual,1951-11-02,M,USA,California,Home,4,True,Website,74
C0795,Individual,1969-01-14,M,USA,California,Investment,4,True,Website,57
C0796,Individual,1983-11-04,F,USA,California,Investment,5,True,Website,42
C0797,Individual,1990-08-06,F,USA,Oregon,Home,5,True,Agency,36
C0798,Company,1965-10-21,M,USA,Nevada,Home,4,True,Agency,60
C0799,Individual,1954-07-24,F,USA,California,Home,4,False,Website,72
C0800,Individual,1974-02-01,M,USA,Virginia,Investment,5,True,Website,52
C0801,Individual,1969-03-04,F,USA,Washington,Home,4,True,Website,57
C0802,Individual,1970-10-11,M,USA,Virginia,Home,5,False,Agency,55
C0803,Individual,1945-12-13,F,USA,Texas,Home,4,False,Agency,80
C0804,Individual,1967-10-01,M,USA,Washington,Home,5,False,Agency,59
C0805,Individual,1953-01-17,M,Germany,Berlin,Home,1,True,Website,73
C0806,Individual,1989-11-18,M,France,Ile-De-France,Home,5,False,Client,36
C0807,Individual,1993-11-16,F,Mexico,Mexico City,Investment,5,False,Website,32
C0808,Individual,1943-05-17,M,Germany,Berlin,Home,3,True,Website,83
C0809,Individual,1967-02-16,F,France,Occitanie,Home,5,True,Agency,59
C0810,Individual,1995-02-13,M,USA,California,Home,1,True,Website,31
C0811,Individual,1945-04-17,M,UK,Wales,Home,3,False,Agency,81
C0812,Individual,1974-08-24,M,UK,Northern Ireland,Home,3,True,Website,52
C0813,Individual,1974-11-10,M,UK,Scotland,Investment,3,False,Agency,51
C0814,Individual,1964-03-26,F,USA,California,Home,2,False,Website,62
C0815,Company,1965-06-11,F,USA,Nevada,Home,4,True,Agency,61
C0816,Individual,1947-12-23,F,Germany,Hamburg,Home,2,True,Website,78
C0817,Individual,1972-12-05,F,USA,California,Investment,1,False,Website,53
C0818,Company,1991-08-09,F,USA,Colorado,Home,2,False,Website,35
C0819,Individual,1951-03-15,M,USA,California,Home,5,False,Website,75
C0820,Individual,1940-10-22,F,USA,Texas,Investment,4,False,Agency,85
C0821,Individual,1957-04-09,F,USA,California,Home,5,True,Agency,69
C0822,Individual,1959-04-19,F,USA,California,Investment,3,True,Website,67
C0823,Individual,1975-04-16,F,USA,Oregon,Investment,5,True,Agency,51
C0824,Individual,1976-01-06,M,USA,California,Home,3,False,Agency,50
C0825,Individual,1982-03-26,F,Mexico,Nuevo Leon,Home,4,True,Agency,44
C0826,Individual,1970-11-09,M,USA,Ohio,Investment,4,True,Website,55
C0827,Individual,1965-08-23,F,USA,Washington,Home,2,True,Website,61
C0828,Individual,1947-10-10,F,USA,Arizona,Investment,4,True,Website,79
C0829,Individual,1960-11-16,M,USA,Utah,Investment,3,False,Website,65
C0830,Individual,1952-05-16,M,USA,Oregon,Investment,3,False,Agency,74
C0831,Individual,1977-09-24,F,USA,California,Home,2,False,Website,49
C0832,Individual,1990-09-01,F,USA,Nevada,Investment,3,True,Website,36
C0833,Individual,1951-06-11,M,Denmark,Southern Denmark,Home,5,False,Website,75
C0834,Individual,1957-12-23,F,USA,California,Home,5,False,Website,68
C0835,Individual,1974-06-06,F,USA,California,Home,5,True,Website,52
C0836,Individual,1942-04-02,M,USA,Ohio,Home,4,False,Website,84
C0837,Individual,1967-06-06,M,France,Brittany,Home,1,False,Website,59
C0838,Individual,1992-05-04,M,USA,Nevada,Investment,1,True,Website,34
C0839,Individual,1994-01-26,F,UK,England,Home,5,True,Agency,32
C0840,Individual,1981-01-11,F,Belgium,Brussels,Home,1,False,Website,45
C0841,Individual,1999-05-02,M,Belgium,Wallonia,Home,5,False,Website,27
C0842,Individual,1996-02-27,M,USA,Washington,Home,5,True,Client,30
C0843,Individual,2000-04-12,F,USA,Georgia,Home,4,False,Agency,26
C0844,Individual,1947-06-13,F,USA,California,Home,2,False,Website,79
C0845,Individual,1993-05-09,F,USA,Washington,Home,3,False,Client,33
C0846,Individual,1976-05-15,F,Canada,Quebec,Investment,3,False,Agency,50
C0847,Individual,1988-02-27,F,USA,Utah,Home,2,True,Agency,38
C0848,Individual,1967-11-22,M,USA,California,Home,4,False,Agency,58
C0849,Individual,1977-11-04,M,USA,Oregon,Home,1,True,Website,48
C0850,Individual,1983-11-13,F,USA,Colorado,Investment,5,False,Agency,42
C0851,Individual,1993-05-16,M,USA,California,Investment,2,True,Website,33
C0852,Individual,1989-07-20,M,Germany,North Rhine-Westphalia,Home,2,False,Agency,37
C0853,Individual,1950-07-08,M,USA,Utah,Home,4,False,Website,76
C0854,Individual,1944-02-13,M,USA,California,Home,4,False,Website,82
C0855,Individual,1973-10-03,F,Australia,Queensland,Home,4,False,Website,53
C0856,Individual,1964-08-16,F,USA,Florida,Home,5,True,Website,62
C0857,Individual,1951-11-05,F,USA,California,Investment,1,True,Website,74
C0858,Individual,1994-12-07,M,USA,Nevada,Home,1,False,Website,31
C0859,Individual,1942-03-12,F,USA,California,Home,2,True,Agency,84
C0860,Individual,1968-09-07,F,USA,Utah,Home,5,True,Website,58
C0861,Individual,1994-04-08,F,France,Brittany,Investment,2,False,Agency,32
C0862,Individual,1981-06-14,F,USA,Colorado,Investment,1,False,Website,45
C0863,Individual,1975-04-20,M,Belgium,Wallonia,Home,5,True,Agency,51
C0864,Individual,1970-07-07,M,USA,Texas,Home,3,False,Website,56
C0865,Individual,1975-05-20,F,USA,Colorado,Investment,5,True,Website,51
C0866,Individual,1987-11-27,M,Belgium,Brussels,Home,3,False,Agency,38
C0867,Individual,1967-12-04,F,USA,California,Home,2,False,Agency,58
C0868,Individual,1945-02-21,F,USA,Florida,Home,3,True,Agency,81
C0869,Individual,1993-07-03,M,USA,California,Home,4,False,Agency,33
C0870,Company,1966-01-09,F,UK,Northern Ireland,Home,2,True,Website,60
C0871,Individual,1989-11-28,F,USA,Virginia,Home,1,True,Website,36
C0872,Individual,1943-06-22,F,UK,England,Home,4,False,Website,83
C0873,Individual,1940-09-09,M,USA,New York,Home,2,False,Website,86
C0874,Individual,1953-07-26,F,Belgium,Flanders,Investment,2,False,Website,73
C0875,Individual,1972-09-07,M,Canada,Manitoba,Home,4,False,Website,54
C0876,Individual,1973-08-22,M,USA,California,Home,3,False,Client,53
C0877,Individual,1998-12-22,F,USA,Utah,Investment,2,True,Agency,27
C0878,Individual,1945-04-28,F,USA,Nevada,Home,4,True,Website,81
C0879,Individual,1945-03-15,M,UK,Northern Ireland,Home,4,True,Website,81
C0880,Individual,1941-06-23,F,USA,New York,Home,2,False,Website,85
C0881,Individual,1954-09-24,F,USA,Colorado,Investment,1,False,Website,72
C0882,Individual,2000-07-07,M,UK,Wales,Home,3,False,Website,26
C0883,Individual,1946-10-22,M,USA,Texas,Home,4,False,Client,79
C0884,Individual,1949-07-05,M,USA,Nevada,Home,2,False,Website,77
C0885,Individual,1941-09-21,M,Canada,British Columbia,Investment,2,True,Agency,85
C0886,Individual,1961-07-20,M,USA,California,Home,3,True,Agency,65
C0887,Individual,1993-04-23,F,USA,California,Home,3,False,Agency,33
C0888,Individual,1987-05-24,F,Germany,Berlin,Home,4,True,Website,39
C0889,Individual,1985-10-15,M,USA,Nevada,Investment,4,True,Website,40
C0890,Individual,1955-07-23,F,USA,Virginia,Investment,3,True,Website,71
C0891,Individual,1970-06-20,M,Germany,North Rhine-Westphalia,Investment,1,True,Website,56
C0892,Individual,1958-05-06,F,USA,California,Investment,2,True,Website,68
C0893,Individual,1995-06-23,F,USA,Colorado,Home,3,True,Website,31
C0894,Individual,1953-06-14,M,USA,Georgia,Home,5,False,Website,73
C0895,Individual,1953-08-25,F,USA,Arizona,Investment,4,True,Website,73
C0896,Individual,1970-06-05,M,France,Brittany,Home,4,True,Agency,56
C0897,Individual,1971-04-08,F,Australia,Victoria,Home,1,False,Website,55
C0898,Individual,1953-09-27,F,USA,Arizona,Investment,5,True,Agency,73
C0899,Company,1988-06-26,F,USA,Washington,Investment,2,False,Website,38
C0900,Individual,1999-05-22,F,Germany,North Rhine-Westphalia,Home,4,False,Agency,27
C0901,Individual,1999-02-15,M,France,Brittany,Investment,4,False,Agency,27
C0902,Company,1964-11-02,F,UK,Northern Ireland,Home,3,True,Agency,61
C0903,Individual,1992-04-28,F,USA,Texas,Investment,3,False,Website,34
C0904,Individual,1984-08-03,F,Russia,Saint Petersburg,Home,1,True,Website,42
C0905,Individual,1993-05-16,F,USA,Virginia,Home,5,True,Website,33
C0906,Individual,1969-08-13,F,USA,California,Investment,5,False,Website,57
C0907,Individual,1973-11-14,F,USA,California,Home,3,False,Agency,52
C0908,Individual,1960-11-17,M,USA,California,Home,4,True,Agency,65
C0909,Individual,1967-10-07,M,USA,California,Investment,1,True,Agency,59
C0910,Individual,1971-11-24,F,USA,Texas,Home,3,True,Agency,54
C0911,Individual,1989-03-27,M,USA,California,Home,4,False,Website,37
C0912,Individual,1949-11-05,F,USA,California,Home,1,False,Agency,76
C0913,Individual,1999-01-13,M,USA,California,Home,4,False,Agency,27
C0914,Individual,1948-12-10,F,France,Provence,Investment,4,False,Website,77
C0915,Individual,1948-01-23,M,USA,Florida,Home,2,False,Agency,78
C0916,Individual,1988-10-02,M,Russia,Moscow Oblast,Home,2,False,Website,38
C0917,Individual,1969-01-08,M,USA,Arizona,Home,2,True,Agency,57
C0918,Individual,2000-02-21,F,Australia,Western Australia,Home,4,False,Client,26
C0919,Individual,1975-08-17,F,Canada,Quebec,Investment,5,False,Agency,51
C0920,Individual,1973-11-10,M,USA,California,Home,4,False,Website,52
C0921,Individual,1999-10-03,F,Australia,New South Wales,Home,4,False,Agency,26
C0922,Individual,1942-10-28,M,Australia,Victoria,Investment,4,True,Website,83
C0923,Individual,1950-08-26,F,USA,Oregon,Home,3,False,Client,76
C0924,Individual,1988-03-20,F,USA,California,Home,4,False,Website,38
C0925,Individual,1944-12-05,M,Germany,Hamburg,Home,2,False,Website,81
C0926,Individual,1961-04-04,F,USA,California,Home,3,False,Website,65
C0927,Individual,1962-04-11,F,France,Ile-De-France,Home,4,False,Client,64
C0928,Individual,1950-02-27,M,USA,California,Home,1,True,Agency,76
C0929,Individual,1954-05-23,M,USA,Washington,Home,4,False,Website,72
C0930,Individual,1993-04-15,F,USA,Washington,Investment,1,True,Agency,33
C0931,Individual,1977-12-25,M,USA,Nevada,Investment,2,True,Client,48
C0932,Individual,1949-07-14,F,USA,New York,Home,5,False,Website,77
C0933,Individual,1955-03-09,F,USA,California,Home,4,False,Website,71
C0934,Individual,1943-02-10,F,UK,Northern Ireland,Investment,5,True,Website,83
C0935,Individual,2000-05-17,F,Canada,Manitoba,Home,4,False,Agency,26
C0936,Individual,1951-10-04,F,USA,California,Home,3,False,Client,75
C0937,Individual,1982-03-04,M,USA,Arizona,Home,5,False,Client,44
C0938,Individual,1963-08-05,M,Russia,Krasnodar Krai,Home,4,False,Website,63
C0939,Individual,1978-02-02,F,Belgium,Brussels,Investment,1,False,Website,48
C0940,Individual,1985-12-19,M,USA,Virginia,Investment,5,False,Website,40
C0941,Individual,1955-07-17,F,Mexico,Jalisco,Home,1,False,Agency,71
C0942,Individual,1991-12-14,F,USA,California,Home,1,False,Website,34
C0943,Individual,1957-09-13,F,Canada,Manitoba,Investment,5,False,Website,69
C0944,Individual,1956-08-24,F,USA,Florida,Home,2,False,Website,70
C0945,Individual,1945-04-09,F,France,Provence,Home,4,False,Website,81
C0946,Individual,1946-04-07,F,USA,Nevada,Investment,3,True,Agency,80
C0947,Individual,1981-05-16,F,USA,Texas,Home,2,False,Website,45
C0948,Individual,1989-12-16,F,USA,California,Investment,3,True,Website,36
C0949,Individual,1943-06-26,F,USA,Colorado,Investment,5,True,Client,83
C0950,Individual,1991-11-12,F,USA,Texas,Investment,5,False,Website,34
C0951,Individual,1998-11-15,F,Mexico,Nuevo Leon,Home,1,True,Client,27
C0952,Individual,1959-03-09,F,USA,Oregon,Home,5,False,Website,67
C0953,Company,1995-10-22,M,USA,Washington,Home,5,True,Website,30
C0954,Individual,1950-08-04,M,France,Brittany,Investment,4,True,Agency,76
C0955,Individual,1969-11-01,F,USA,California,Home,1,False,Website,56
C0956,Individual,1966-10-03,M,USA,California,Home,1,True,Website,60
C0957,Company,1961-05-21,M,USA,Oregon,Home,2,True,Client,65
C0958,Individual,1991-11-07,F,USA,Nevada,Home,1,True,Website,34
C0959,Individual,1952-09-13,M,USA,California,Home,3,False,Agency,74
C0960,Individual,1960-01-04,F,USA,Arizona,Investment,1,True,Client,66
C0961,Individual,1974-03-08,M,UK,Wales,Home,2,True,Website,52
C0962,Individual,1940-07-18,M,USA,California,Home,4,False,Website,86
C0963,Individual,1941-09-08,M,Canada,Alberta,Home,4,False,Agency,85
C0964,Individual,1953-09-19,F,USA,California,Home,4,False,Website,73
C0965,Individual,1961-09-26,F,USA,New York,Investment,3,False,Website,65
C0966,Company,1995-11-10,M,USA,California,Investment,3,False,Website,30
C0967,Individual,1959-01-20,F,USA,California,Home,2,False,Agency,67
C0968,Individual,1995-11-21,F,USA,Arizona,Home,4,False,Website,30
C0969,Individual,1976-03-27,F,Russia,Tatarstan,Investment,1,True,Agency,50
C0970,Individual,1986-01-12,M,Denmark,North Denmark,Home,3,True,Website,40
C0971,Individual,1969-02-06,F,USA,Colorado,Investment,5,True,Website,57
C0972,Individual,1964-09-16,F,USA,Arizona,Home,5,False,Agency,62
C0973,Individual,1992-03-12,M,USA,California,Investment,2,False,Client,34
C0974,Individual,1961-05-22,M,USA,New York,Home,1,False,Agency,65
C0975,Individual,1946-09-07,M,USA,Utah,Home,4,False,Website,80
C0976,Individual,1983-07-18,M,USA,California,Home,4,True,Website,43
C0977,Individual,1996-07-04,M,USA,California,Home,1,False,Agency,30
C0978,Individual,1963-11-11,F,USA,California,Home,4,True,Website,62
C0979,Individual,1940-02-25,F,Canada,Quebec,Investment,4,False,Website,86
C0980,Individual,1942-01-13,M,USA,New York,Investment,1,True,Website,84
C0981,Individual,1961-11-14,F,USA,California,Investment,1,False,Website,64
C0982,Individual,1961-08-07,F,Canada,Manitoba,Investment,5,True,Agency,65
C0983,Individual,1994-06-21,F,Germany,North Rhine-Westphalia,Home,4,False,Website,32
C0984,Individual,1962-03-12,M,Canada,British Columbia,Home,5,True,Agency,64
C0985,Individual,1954-10-15,F,USA,California,Home,1,True,Website,71
C0986,Individual,1981-10-18,F,Russia,Saint Petersburg,Home,2,False,Website,44
C0987,Individual,1967-10-22,F,Germany,North Rhine-Westphalia,Home,1,True,Agency,58
C0988,Individual,1988-04-21,M,USA,Texas,Home,3,True,Agency,38
C0989,Individual,1946-10-19,F,USA,Oregon,Home,4,False,Website,79
C0990,Individual,1942-01-21,M,USA,Utah,Home,4,False,Website,84
C0991,Individual,1975-03-27,F,USA,Nevada,Home,1,False,Website,51
C0992,Individual,1988-11-19,M,Denmark,Capital Region,Home,1,True,Website,37
C0993,Individual,1954-11-03,M,USA,California,Home,2,True,Website,71
C0994,Individual,1976-11-26,M,USA,California,Home,3,False,Website,49
C0995,Individual,1949-10-14,F,Australia,New South Wales,Home,1,True,Website,76
C0996,Individual,1956-11-06,M,Canada,Manitoba,Home,2,True,Client,69
C0997,Individual,1950-11-03,M,USA,California,Investment,3,True,Agency,75
C0998,Company,1969-06-05,F,USA,Virginia,Home,4,False,Agency,57
C0999,Individual,1969-09-15,F,USA,California,Investment,3,False,Agency,57
C1000,Individual,1963-07-21,F,USA,Utah,Home,2,True,Website,63
C1001,Individual,1981-07-13,M,USA,California,Home,3,False,Website,45
C1002,Individual,1967-08-06,M,USA,California,Home,5,False,Website,59
C1003,Individual,1977-11-08,F,USA,Nevada,Home,2,False,Website,48
C1004,Individual,1982-09-17,M,USA,Oregon,Home,3,True,Website,44
C1005,Individual,1988-07-06,F,Germany,Hamburg,Home,3,False,Client,38
C1006,Individual,1992-12-24,F,USA,Georgia,Home,1,False,Website,33
C1007,Individual,1948-10-25,F,UK,England,Home,4,False,Agency,77
C1008,Company,1987-02-10,M,USA,California,Home,2,False,Website,39
C1009,Individual,1950-11-02,F,USA,Nevada,Investment,4,True,Agency,75
C1010,Individual,1964-10-03,M,Mexico,Jalisco,Home,4,False,Website,62
C1011,Individual,1952-12-18,F,USA,California,Investment,1,False,Website,73
C1012,Individual,1960-10-20,M,USA,New York,Home,4,True,Website,65
C1013,Individual,1994-06-19,F,USA,Oregon,Home,1,True,Website,32
C1014,Individual,1969-06-01,M,USA,California,Home,3,True,Website,57
C1015,Individual,1977-01-09,M,USA,California,Home,4,True,Website,49
C1016,Individual,1976-05-04,F,USA,California,Home,4,True,Agency,50
C1017,Individual,1968-12-22,F,USA,California,Home,1,True,Agency,57
C1018,Individual,1967-06-19,F,USA,Colorado,Home,5,True,Client,59
C1019,Individual,1975-10-27,F,USA,Nevada,Home,2,False,Client,50
C1020,Individual,1994-07-23,F,USA,California,Home,3,False,Agency,32
C1021,Individual,1974-04-09,M,USA,California,Investment,1,False,Client,52
C1022,Individual,1984-04-17,F,USA,Colorado,Home,1,False,Agency,42
C1023,Individual,1953-07-28,F,USA,Nevada,Home,1,True,Website,73
C1024,Individual,1969-03-08,M,USA,Arizona,Investment,2,False,Agency,57
C1025,Individual,1947-01-20,F,USA,California,Home,1,False,Client,79
C1026,Individual,1991-12-08,M,USA,California,Investment,1,False,Agency,34
C1027,Individual,1976-10-12,M,USA,California,Investment,1,True,Client,49
C1028,Individual,1942-07-04,M,USA,California,Home,1,True,Website,84
C1029,Individual,1949-06-11,M,Australia,Victoria,Home,1,False,Agency,77
C1030,Individual,1960-04-20,F,USA,Ohio,Home,4,False,Website,66
C1031,Individual,1989-01-13,M,UK,England,Home,1,False,Website,37
C1032,Individual,1977-03-01,M,USA,Nevada,Home,5,False,Website,49
C1033,Individual,1962-06-21,M,France,Ile-De-France,Home,2,False,Website,64
C1034,Individual,1979-01-20,F,USA,Colorado,Home,5,False,Client,47
C1035,Individual,1961-10-02,M,USA,Virginia,Home,2,False,Website,65
C1036,Individual,1988-03-13,F,USA,Oregon,Home,2,False,Agency,38
C1037,Company,1970-02-01,M,Mexico,Baja California,Home,2,True,Website,56
C1038,Individual,1959-05-25,M,USA,California,Investment,3,False,Website,67
C1039,Individual,1962-07-17,M,USA,California,Home,1,True,Agency,64
C1040,Individual,1940-05-04,M,USA,California,Investment,5,True,Website,86
C1041,Individual,1990-07-12,F,USA,Nevada,Home,5,True,Website,36
C1042,Individual,1945-03-08,F,USA,Nevada,Home,2,False,Agency,81
C1043,Individual,1999-07-14,F,USA,Washington,Home,5,False,Website,27
C1044,Individual,1971-05-15,M,USA,Nevada,Investment,5,False,Website,55
C1045,Individual,1942-01-04,F,USA,New York,Home,3,False,Website,84
C1046,Individual,1969-05-21,F,Canada,Quebec,Home,4,True,Website,57
C1047,Individual,1984-12-12,M,USA,Virginia,Home,3,False,Website,41
C1048,Individual,1970-01-27,F,USA,Oregon,Investment,1,False,Agency,56
C1049,Individual,1940-05-11,F,USA,California,Investment,5,False,Website,86
C1050,Individual,1955-03-10,M,USA,Georgia,Home,4,True,Website,71
C1051,Individual,1958-07-19,F,USA,Virginia,Home,1,True,Agency,68
C1052,Individual,1953-04-24,F,USA,Utah,Home,1,True,Agency,73
C1053,Individual,1974-10-11,M,Mexico,Nuevo Leon,Home,2,True,Website,51
C1054,Individual,1989-04-09,M,USA,Arizona,Home,2,True,Website,37
C1055,Individual,1972-11-20,M,USA,New York,Investment,2,True,Website,53
C1056,Individual,1979-01-19,M,USA,Colorado,Home,1,True,Website,47
C1057,Individual,1994-04-17,M,USA,Nevada,Investment,5,False,Website,32
C1058,Individual,1973-12-06,F,Germany,Bavaria,Home,3,True,Website,52
C1059,Individual,1978-06-26,F,USA,California,Home,4,False,Website,48
C1060,Individual,1940-12-25,M,USA,Nevada,Home,5,False,Agency,85
C1061,Individual,1960-01-06,F,UK,Scotland,Home,1,False,Website,66
C1062,Individual,1975-12-20,M,USA,California,Home,4,False,Agency,50
C1063,Individual,1988-05-12,F,USA,New York,Investment,5,True,Website,38
C1064,Individual,1945-06-08,M,USA,California,Home,5,True,Website,81
C1065,Individual,1955-06-01,M,USA,Georgia,Home,3,True,Client,71
C1066,Individual,1941-09-21,F,Australia,Victoria,Home,1,False,Website,85
C1067,Individual,1942-12-24,M,Mexico,Jalisco,Investment,4,False,Agency,83
C1068,Individual,1984-10-02,F,USA,California,Home,3,False,Agency,42
C1069,Individual,1992-06-13,M,USA,Virginia,Home,3,True,Agency,34
C1070,Individual,1951-06-26,F,Germany,Bavaria,Home,5,False,Agency,75
C1071,Individual,1966-11-08,M,USA,Texas,Home,2,False,Agency,59
C1072,Individual,1962-10-06,F,USA,Utah,Home,3,False,Agency,64
C1073,Individual,1955-02-07,M,USA,California,Investment,2,False,Website,71
C1074,Individual,1954-10-07,M,UK,Northern Ireland,Home,1,False,Website,72
C1075,Individual,1975-02-17,F,Mexico,Baja California,Home,3,False,Website,51
C1076,Individual,1980-10-28,F,USA,Florida,Investment,3,False,Agency,45
C1077,Individual,1982-07-03,M,USA,Texas,Investment,2,False,Agency,44
C1078,Individual,1940-07-22,M,USA,Ohio,Home,1,False,Agency,86
C1079,Individual,1959-06-19,M,USA,California,Investment,4,True,Website,67
C1080,Individual,1956-06-10,F,UK,England,Investment,4,False,Agency,70
C1081,Company,1974-08-09,M,Russia,Novosibirsk,Home,4,True,Agency,52
C1082,Individual,1993-04-02,F,USA,Oregon,Investment,5,True,Website,33
C1083,Individual,1950-06-10,F,USA,Colorado,Investment,4,False,Agency,76
C1084,Individual,1989-07-27,F,France,Ile-De-France,Home,4,False,Agency,37
C1085,Individual,1947-10-18,F,Australia,Queensland,Investment,1,False,Client,78
C1086,Individual,1956-01-03,M,USA,Colorado,Home,1,True,Website,70
C1087,Individual,1984-03-01,M,USA,Colorado,Home,3,False,Website,42
C1088,Individual,1998-09-26,M,USA,Utah,Home,4,True,Agency,28
C1089,Individual,1962-09-17,F,USA,Utah,Home,1,True,Website,64
C1090,Individual,1962-07-09,F,Canada,Alberta,Home,3,True,Client,64
C1091,Individual,1984-07-21,M,USA,Nevada,Home,1,True,Agency,42
C1092,Individual,1996-11-24,M,USA,Oregon,Investment,2,False,Website,29
C1093,Individual,1980-07-13,M,USA,Oregon,Home,1,True,Website,46
C1094,Individual,1960-12-02,F,USA,Washington,Home,2,True,Website,65
C1095,Individual,1940-02-26,F,USA,California,Home,3,False,Agency,86
C1096,Individual,1965-05-20,F,USA,New York,Home,2,False,Client,61
C1097,Individual,1962-07-16,F,Canada,Alberta,Home,3,True,Agency,64
C1098,Individual,1976-10-24,M,USA,California,Investment,3,False,Client,49
C1099,Individual,1972-06-26,F,USA,Colorado,Home,3,False,Agency,54
C1100,Individual,1940-05-14,M,Russia,Novosibirsk,Home,1,False,Website,86
C1101,Individual,1964-03-01,M,Belgium,Flanders,Home,5,False,Website,62
C1102,Company,1960-06-05,M,Germany,Berlin,Home,2,False,Agency,66
C1103,Individual,1961-04-27,M,Belgium,Wallonia,Home,4,False,Agency,65
C1104,Individual,1998-10-15,M,USA,Utah,Investment,5,True,Website,27
C1105,Individual,1940-01-14,M,USA,Nevada,Home,3,True,Website,86
C1106,Individual,1982-05-16,M,USA,California,Home,1,False,Agency,44
C1107,Individual,1948-01-15,M,Canada,British Columbia,Home,1,False,Website,78
C1108,Individual,1994-12-01,F,Australia,South Australia,Home,4,False,Website,31
C1109,Individual,1967-05-09,F,USA,California,Home,1,True,Client,59
C1110,Individual,1977-12-05,M,USA,New York,Home,5,True,Website,48
C1111,Company,1967-01-23,M,USA,California,Home,4,True,Website,59
C1112,Individual,1982-05-01,M,USA,Nevada,Investment,3,True,Website,44
C1113,Individual,1974-08-18,F,USA,Texas,Investment,2,False,Client,52
C1114,Individual,1992-04-02,F,USA,California,Home,3,False,Website,34
C1115,Individual,1973-10-24,M,USA,Colorado,Home,3,True,Agency,52
C1116,Individual,1991-12-17,F,USA,California,Home,1,True,Agency,34
C1117,Individual,1955-02-23,F,Mexico,Mexico City,Home,5,True,Website,71
C1118,Company,1969-04-26,M,UK,Scotland,Investment,2,True,Website,57
C1119,Individual,1941-03-14,M,USA,Oregon,Home,1,True,Website,85
C1120,Individual,1979-07-16,F,USA,Arizona,Home,1,False,Website,47
C1121,Individual,1985-02-06,F,USA,California,Home,1,False,Client,41
C1122,Individual,1942-04-10,F,USA,California,Home,4,False,Website,84
C1123,Individual,1951-11-03,M,USA,Virginia,Home,5,False,Agency,74
C1124,Individual,1976-04-02,F,USA,Oregon,Investment,5,True,Website,50
C1125,Individual,1941-03-02,M,USA,Oregon,Home,3,False,Agency,85
C1126,Company,1983-02-16,M,USA,Virginia,Home,1,True,Website,43
C1127,Individual,1943-06-15,F,UK,England,Investment,1,False,Website,83
C1128,Individual,1983-05-12,M,USA,California,Investment,1,False,Website,43
C1129,Individual,1945-03-09,F,USA,Colorado,Investment,5,False,Agency,81
C1130,Individual,1987-01-03,F,USA,Arizona,Home,5,False,Website,39
C1131,Individual,1984-05-28,F,USA,California,Investment,3,False,Website,42
C1132,Individual,1982-01-21,M,USA,New York,Home,2,True,Website,44
C1133,Individual,1993-01-21,M,USA,Oregon,Investment,3,False,Website,33
C1134,Individual,1943-10-10,F,USA,California,Investment,1,False,Website,83
C1135,Individual,1999-09-22,F,Russia,Moscow Oblast,Investment,5,True,Client,27
C1136,Individual,1965-04-27,F,USA,California,Home,3,True,Agency,61
C1137,Individual,1986-12-24,F,USA,Nevada,Home,4,True,Agency,39
C1138,Individual,1964-08-24,M,USA,Oregon,Home,1,False,Website,62
C1139,Individual,1996-03-03,F,USA,California,Home,4,True,Client,30
C1140,Individual,1976-01-07,M,USA,Florida,Home,1,True,Website,50
C1141,Individual,2000-01-26,F,USA,Arizona,Investment,3,False,Website,26
C1142,Individual,1948-10-03,F,USA,Colorado,Home,2,True,Agency,78
C1143,Individual,1994-10-09,M,USA,Arizona,Home,2,True,Website,31
C1144,Individual,1978-10-11,F,USA,Georgia,Investment,4,False,Client,47
C1145,Individual,1993-04-04,M,USA,Nevada,Home,5,False,Website,33
C1146,Individual,1991-03-14,M,USA,California,Investment,2,False,Website,35
C1147,Individual,1978-09-02,F,USA,Utah,Home,3,False,Website,48
C1148,Individual,1991-07-15,M,Australia,New South Wales,Home,1,True,Agency,35
C1149,Individual,1980-06-03,F,Russia,Tatarstan,Home,3,False,Agency,46
C1150,Individual,1992-08-11,F,USA,Nevada,Investment,4,False,Agency,34
C1151,Individual,1963-12-14,M,USA,Arizona,Investment,2,False,Website,62
C1152,Individual,1977-09-16,M,USA,Georgia,Home,1,False,Website,49
C1153,Individual,1991-09-14,M,USA,California,Home,1,False,Website,35
C1154,Individual,1956-12-07,M,USA,Utah,Home,5,True,Agency,69
C1155,Individual,1977-03-03,M,USA,California,Home,5,False,Website,49
C1156,Individual,1956-05-16,F,USA,Virginia,Home,4,False,Agency,70
C1157,Individual,1944-02-11,M,Canada,Alberta,Investment,2,False,Website,82
C1158,Individual,1955-05-19,F,USA,California,Investment,2,False,Website,71
C1159,Individual,1940-03-24,M,USA,Nevada,Investment,1,True,Website,86
C1160,Individual,1980-11-21,M,USA,Florida,Home,2,True,Website,45
C1161,Individual,1994-12-02,M,Canada,Alberta,Investment,3,True,Website,31
C1162,Individual,1962-01-25,M,USA,California,Investment,2,False,Website,64
C1163,Individual,1998-10-26,M,USA,California,Home,3,True,Website,27
C1164,Individual,1968-11-04,F,Belgium,Wallonia,Home,3,True,Agency,57
C1165,Individual,1994-09-26,F,Russia,Moscow Oblast,Home,1,False,Website,32
C1166,Individual,1991-11-15,M,USA,New York,Investment,1,False,Website,34
C1167,Individual,1967-12-20,M,UK,Scotland,Home,3,False,Website,58
C1168,Individual,1998-12-25,F,Germany,Hamburg,Home,2,True,Agency,27
C1169,Individual,1994-05-01,M,Russia,Saint Petersburg,Home,5,True,Agency,32
C1170,Individual,1990-09-02,F,USA,Nevada,Home,1,True,Website,36
C1171,Individual,1984-08-21,F,USA,California,Investment,4,True,Website,42
C1172,Individual,1942-05-11,F,USA,Nevada,Home,5,False,Website,84
C1173,Individual,1984-02-11,F,Canada,Manitoba,Investment,1,False,Website,42
C1174,Individual,1982-06-07,M,USA,Nevada,Home,2,False,Agency,44
C1175,Individual,1959-09-27,F,USA,California,Home,2,False,Website,67
C1176,Individual,1975-03-06,F,USA,California,Investment,4,True,Agency,51
C1177,Individual,1998-05-09,M,USA,California,Investment,2,False,Agency,28
C1178,Individual,1950-07-16,F,USA,California,Home,1,False,Agency,76
C1179,Individual,1991-09-02,F,USA,California,Home,4,False,Agency,35
C1180,Individual,1995-11-07,F,Belgium,Brussels,Home,2,True,Website,30
C1181,Individual,1956-03-23,F,USA,Nevada,Investment,5,False,Website,70
C1182,Individual,1961-11-03,M,Germany,Bavaria,Investment,3,True,Website,64
C1183,Individual,1993-11-14,M,USA,Arizona,Investment,1,False,Website,32
C1184,Individual,1953-04-14,M,France,Ile-De-France,Home,2,False,Website,73
C1185,Individual,2000-06-27,M,USA,California,Home,3,False,Website,26
C1186,Individual,1978-06-27,F,USA,Nevada,Home,3,True,Website,48
C1187,Individual,1962-03-18,F,USA,Nevada,Home,4,False,Website,64
C1188,Individual,1995-01-11,M,Canada,Alberta,Home,1,False,Client,31
C1189,Individual,1963-01-22,M,USA,Florida,Home,2,True,Client,63
C1190,Individual,1946-04-08,F,USA,Texas,Home,4,False,Client,80
C1191,Individual,1950-04-17,F,USA,California,Investment,3,False,Website,76
C1192,Individual,2000-05-01,M,USA,Florida,Home,5,False,Website,26
C1193,Individual,1975-04-20,F,UK,England,Home,1,False,Website,51
C1194,Individual,1943-06-17,F,USA,Colorado,Home,1,False,Website,83
C1195,Individual,1990-07-06,F,USA,California,Home,4,True,Agency,36
C1196,Individual,1955-03-09,M,USA,Nevada,Home,2,False,Agency,71
C1197,Individual,1959-10-04,F,USA,Arizona,Home,4,False,Website,67
C1198,Individual,1960-01-21,F,USA,New York,Home,1,False,Agency,66
C1199,Individual,1943-03-03,M,USA,Colorado,Home,2,False,Website,83
C1200,Individual,1969-03-11,M,USA,Utah,Home,4,False,Agency,57
C1201,Individual,2000-03-22,M,USA,Oregon,Investment,1,True,Website,26
C1202,Company,1985-09-05,M,Canada,Quebec,Investment,5,True,Website,41
C1203,Individual,1962-01-18,F,USA,Arizona,Home,2,True,Website,64
C1204,Individual,1992-03-04,M,Mexico,Puebla,Investment,2,True,Website,34
C1205,Individual,1959-05-15,M,Belgium,Flanders,Home,4,False,Website,67
C1206,Individual,1957-09-12,F,USA,California,Investment,5,False,Website,69
C1207,Individual,1973-10-24,F,USA,Texas,Home,5,True,Agency,52
C1208,Individual,1977-11-27,M,USA,Colorado,Home,1,False,Website,48
C1209,Individual,1978-01-07,F,USA,California,Home,4,True,Website,48
C1210,Individual,1991-04-06,M,USA,California,Investment,1,False,Website,35
C1211,Individual,1996-10-07,F,Canada,British Columbia,Home,5,True,Website,29
C1212,Individual,1957-11-07,M,USA,California,Home,1,False,Agency,68
C1213,Individual,1993-06-08,F,Canada,Manitoba,Home,5,False,Website,33
C1214,Individual,2000-10-08,F,USA,Florida,Home,1,False,Agency,25
C1215,Individual,1994-07-24,M,USA,California,Home,3,False,Website,32
C1216,Individual,1997-10-07,F,France,Normandy,Home,4,False,Website,28
C1217,Individual,1997-05-01,M,USA,California,Investment,4,True,Website,29
C1218,Individual,1941-12-28,F,USA,California,Home,1,True,Website,84
C1219,Individual,1983-06-12,F,USA,Arizona,Home,1,True,Website,43
C1220,Individual,1967-08-09,F,USA,Colorado,Investment,4,True,Website,59
C1221,Individual,1984-05-23,F,USA,Nevada,Investment,2,False,Agency,42
C1222,Individual,1969-07-01,M,USA,Utah,Home,4,False,Website,57
C1223,Individual,1952-09-17,F,USA,Washington,Home,4,False,Website,74
C1224,Individual,1942-06-13,M,USA,New York,Investment,5,True,Client,84
C1225,Individual,1990-10-11,M,USA,Oregon,Home,2,False,Website,35
C1226,Individual,1989-01-05,M,USA,Utah,Home,4,False,Website,37
C1227,Individual,1987-03-13,M,USA,Colorado,Home,3,True,Agency,39
C1228,Individual,1954-07-07,M,USA,California,Home,2,False,Website,72
C1229,Individual,1994-02-11,F,UK,Scotland,Home,1,True,Website,32
C1230,Individual,1985-02-18,M,USA,California,Home,5,False,Client,41
C1231,Individual,1954-09-12,F,USA,California,Home,2,False,Agency,72
C1232,Individual,1989-09-23,F,Canada,British Columbia,Home,3,False,Website,37
C1233,Individual,1979-05-08,M,USA,Utah,Home,4,False,Website,47
C1234,Individual,1957-01-20,F,USA,Colorado,Investment,1,False,Website,69
C1235,Individual,1957-05-27,M,USA,Arizona,Home,2,False,Website,69
C1236,Individual,1972-08-24,M,USA,Arizona,Home,4,True,Website,54
C1237,Individual,1943-09-25,F,UK,Wales,Investment,4,True,Website,83
C1238,Individual,1946-04-22,M,USA,Nevada,Home,1,True,Agency,80
C1239,Individual,1953-07-02,F,USA,Oregon,Home,3,False,Agency,73
C1240,Individual,1984-12-11,F,USA,Nevada,Investment,4,True,Website,41
C1241,Individual,1973-08-19,F,USA,California,Home,1,False,Agency,53
C1242,Individual,1961-09-22,M,USA,California,Home,3,True,Website,65
C1243,Individual,1948-04-10,M,USA,Colorado,Home,1,False,Website,78
C1244,Individual,1992-10-06,M,USA,Utah,Investment,5,True,Website,33
C1245,Individual,1963-10-02,M,USA,California,Home,3,True,Agency,63
C1246,Individual,1943-10-05,F,Canada,Alberta,Home,2,False,Agency,83
C1247,Individual,1957-09-04,F,USA,Nevada,Investment,2,False,Website,69
C1248,Individual,1976-04-07,F,USA,Arizona,Home,3,False,Agency,50
C1249,Individual,1971-07-14,F,USA,California,Investment,1,False,Website,55
C1250,Individual,1950-04-19,M,USA,Nevada,Home,5,False,Agency,76
C1251,Individual,1975-01-11,M,USA,Texas,Investment,5,False,Website,51
C1252,Individual,1962-02-27,F,USA,Arizona,Home,3,True,Website,64
C1253,Individual,1991-09-24,M,USA,California,Home,2,False,Agency,35
C1254,Individual,1956-04-04,M,USA,California,Home,5,True,Agency,70
C1255,Individual,1999-09-15,M,USA,California,Home,3,False,Agency,27
C1256,Company,1972-02-18,F,USA,California,Investment,4,False,Agency,54
C1257,Individual,1991-12-22,M,USA,California,Home,5,True,Agency,34
C1258,Individual,1969-06-22,F,USA,Nevada,Home,1,False,Website,57
C1259,Individual,1971-02-19,M,USA,California,Investment,3,True,Agency,55
C1260,Individual,1992-08-24,F,USA,California,Home,2,False,Agency,34
C1261,Individual,1976-03-09,M,USA,Utah,Home,3,False,Client,50
C1262,Individual,1950-10-11,F,USA,California,Investment,4,False,Agency,76
C1263,Individual,1951-11-17,M,USA,California,Investment,3,False,Agency,74
C1264,Individual,1999-06-12,F,USA,California,Investment,1,False,Agency,27
C1265,Individual,1943-03-24,M,USA,Washington,Home,1,True,Agency,83
C1266,Individual,1952-06-20,M,UK,England,Home,2,False,Website,74
C1267,Individual,1965-07-04,F,USA,Colorado,Home,3,True,Website,61
C1268,Individual,1995-01-10,F,UK,Northern Ireland,Investment,1,True,Website,31
C1269,Individual,1964-09-28,M,USA,California,Home,5,False,Website,62
C1270,Individual,1978-10-18,F,USA,Texas,Home,4,False,Agency,47
C1271,Individual,1992-10-09,M,USA,California,Home,2,True,Agency,33
C1272,Individual,1941-05-13,M,France,Occitanie,Home,1,True,Website,85
C1273,Individual,1968-05-13,M,Canada,Alberta,Home,5,False,Website,58
C1274,Individual,1979-09-07,F,USA,California,Investment,1,True,Website,47
C1275,Individual,1969-02-26,F,USA,Georgia,Investment,1,False,Website,57
C1276,Individual,1940-09-03,M,Australia,Victoria,Home,1,True,Agency,86
C1277,Individual,1981-01-04,F,USA,California,Investment,2,False,Agency,45
C1278,Individual,1997-07-25,M,USA,Utah,Home,4,False,Website,29
C1279,Individual,1943-12-10,M,USA,California,Home,4,True,Website,82
C1280,Individual,1953-09-19,M,USA,Texas,Home,2,True,Website,73
C1281,Individual,1998-12-06,F,Canada,Manitoba,Investment,2,True,Website,27
C1282,Individual,1996-05-18,F,USA,Colorado,Investment,3,True,Agency,30
C1283,Individual,1945-08-11,F,USA,New York,Home,3,False,Agency,81
C1284,Individual,1955-10-16,M,USA,California,Home,2,False,Website,70
C1285,Individual,1954-02-03,M,USA,Utah,Home,4,True,Website,72
C1286,Individual,1963-10-07,M,USA,California,Home,5,False,Agency,63
C1287,Individual,1998-07-04,F,USA,California,Investment,4,False,Website,28
C1288,Individual,1941-01-20,M,Belgium,Wallonia,Home,3,False,Agency,85
C1289,Individual,1973-07-26,M,Mexico,Jalisco,Investment,1,True,Agency,53
C1290,Individual,1973-10-24,F,USA,Washington,Home,3,True,Website,52
C1291,Individual,1983-09-11,M,USA,California,Investment,5,True,Website,43
C1292,Individual,1977-05-22,M,USA,Texas,Investment,5,True,Website,49
C1293,Individual,1972-01-08,F,USA,California,Home,1,False,Agency,54
C1294,Individual,1963-09-02,M,Canada,Ontario,Investment,3,True,Agency,63
C1295,Individual,1992-04-21,F,USA,California,Investment,1,True,Website,34
C1296,Individual,1963-02-06,M,USA,Virginia,Home,1,False,Website,63
C1297,Company,1983-06-09,M,Germany,Berlin,Home,5,False,Website,43
C1298,Individual,1968-04-08,F,USA,California,Home,2,False,Agency,58
C1299,Individual,1944-05-05,F,USA,California,Investment,3,False,Website,82
C1300,Individual,1961-06-01,F,USA,California,Home,2,False,Website,65
C1301,Individual,1955-12-17,M,USA,Virginia,Home,2,False,Agency,70
C1302,Individual,1996-04-19,M,USA,Arizona,Investment,5,False,Website,30
C1303,Individual,1962-08-22,M,USA,Arizona,Home,3,True,Website,64
C1304,Individual,1985-08-06,F,USA,California,Investment,1,False,Website,41
C1305,Individual,1978-09-17,F,USA,Georgia,Home,4,False,Website,48
C1306,Individual,1948-03-18,F,USA,Washington,Home,5,False,Website,78
C1307,Individual,1993-02-14,F,USA,Colorado,Home,5,False,Agency,33
C1308,Individual,2000-04-03,M,USA,California,Investment,5,False,Agency,26
C1309,Individual,1999-06-12,M,USA,California,Home,5,False,Website,27
C1310,Individual,1955-04-05,F,USA,New York,Home,5,False,Agency,71
C1311,Individual,1940-08-14,M,UK,England,Home,4,True,Client,86
C1312,Individual,1942-03-09,M,USA,New York,Home,5,False,Website,84
C1313,Individual,1972-03-17,F,Australia,Western Australia,Investment,3,False,Website,54
C1314,Individual,1964-09-17,F,USA,Arizona,Home,3,False,Website,62
C1315,Individual,1948-12-24,M,USA,Colorado,Home,3,False,Agency,77
C1316,Individual,1993-09-05,F,USA,Colorado,Home,2,True,Website,33
C1317,Company,1973-11-27,M,USA,Utah,Home,2,True,Website,52
C1318,Individual,1943-01-18,M,USA,Texas,Home,1,False,Website,83
C1319,Individual,1954-08-17,F,USA,Florida,Home,3,True,Client,72
C1320,Individual,1969-03-05,M,USA,California,Investment,1,False,Website,57
C1321,Individual,1990-11-09,M,USA,Colorado,Investment,5,False,Client,35
C1322,Individual,1994-12-26,F,USA,California,Home,5,False,Agency,31
C1323,Individual,1963-07-28,M,USA,Utah,Home,3,False,Website,63
C1324,Individual,1992-04-21,M,USA,Arizona,Investment,2,True,Agency,34
C1325,Individual,1974-09-12,M,Canada,Alberta,Home,5,True,Agency,52
C1326,Individual,1944-05-22,M,USA,Colorado,Investment,4,False,Website,82
C1327,Individual,1993-05-14,F,USA,California,Home,4,True,Website,33
C1328,Individual,1956-07-23,F,USA,Washington,Home,4,False,Website,70
C1329,Individual,1968-04-28,M,USA,California,Investment,3,True,Agency,58
C1330,Individual,1975-02-05,F,USA,Colorado,Investment,2,False,Agency,51
C1331,Individual,1986-06-10,F,USA,California,Investment,1,False,Agency,40
C1332,Individual,1995-11-12,M,USA,Washington,Investment,5,True,Agency,30
C1333,Individual,1988-03-27,M,USA,Nevada,Investment,2,True,Website,38
C1334,Individual,1965-08-12,F,USA,California,Home,5,True,Agency,61
C1335,Individual,1982-01-05,F,USA,Oregon,Investment,2,True,Website,44
C1336,Individual,1948-09-12,F,USA,California,Home,5,False,Client,78
C1337,Individual,1953-09-20,F,USA,California,Investment,5,False,Website,73
C1338,Individual,1968-01-12,F,USA,California,Home,2,True,Website,58
C1339,Company,1961-02-24,M,USA,Nevada,Home,4,True,Website,65
C1340,Company,1988-05-12,M,USA,Colorado,Home,5,False,Website,38
C1341,Individual,1952-09-23,F,USA,Colorado,Home,5,True,Website,74
C1342,Individual,1964-02-21,F,USA,California,Home,1,True,Agency,62
C1343,Individual,1995-03-13,F,Canada,Ontario,Home,5,False,Agency,31
C1344,Individual,1974-05-24,M,USA,Florida,Home,1,False,Agency,52
C1345,Individual,1956-04-25,F,USA,Texas,Home,5,False,Website,70
C1346,Company,1987-03-18,F,USA,Colorado,Investment,4,False,Agency,39
C1347,Individual,1956-02-13,M,USA,Washington,Home,2,False,Client,70
C1348,Individual,1998-07-16,M,USA,Oregon,Home,4,True,Client,28
C1349,Individual,1982-02-14,F,USA,Virginia,Investment,3,False,Website,44
C1350,Individual,1991-05-17,F,Germany,Hamburg,Home,5,False,Website,35
C1351,Individual,1987-06-24,F,Australia,South Australia,Home,2,False,Client,39
C1352,Individual,1989-03-16,M,USA,California,Home,2,True,Agency,37
C1353,Individual,1997-10-15,F,Canada,Alberta,Home,1,False,Agency,28
C1354,Individual,1941-09-04,M,USA,Florida,Home,5,False,Website,85
C1355,Individual,1966-11-22,F,USA,California,Investment,2,True,Client,59
C1356,Individual,1994-03-26,M,USA,Oregon,Investment,4,False,Agency,32
C1357,Individual,1987-01-03,F,USA,California,Home,5,True,Website,39
C1358,Individual,1943-05-01,M,USA,Texas,Home,4,False,Agency,83
C1359,Individual,1975-07-25,M,USA,Virginia,Home,3,False,Agency,51
C1360,Individual,1990-11-27,M,USA,Virginia,Home,4,False,Agency,35
C1361,Individual,1943-07-21,F,USA,California,Home,3,False,Client,83
C1362,Individual,1965-04-13,F,USA,California,Investment,1,True,Agency,61
C1363,Individual,1981-04-06,M,USA,Georgia,Home,5,True,Agency,45
C1364,Individual,1998-12-23,F,USA,California,Investment,1,False,Website,27
C1365,Individual,1969-03-16,F,Belgium,Brussels,Investment,5,True,Website,57
C1366,Individual,1995-07-27,M,USA,California,Home,1,False,Website,31
C1367,Individual,1953-11-01,F,Germany,Berlin,Home,2,False,Client,72
C1368,Individual,1947-11-22,M,USA,California,Home,5,True,Client,78
C1369,Individual,1983-07-10,M,France,Brittany,Home,4,True,Agency,43
C1370,Individual,1965-04-06,M,USA,Colorado,Investment,1,False,Agency,61
C1371,Individual,1989-06-19,M,UK,England,Home,2,True,Website,37
C1372,Individual,1981-11-21,F,USA,Washington,Investment,2,False,Website,44
C1373,Individual,1992-11-10,F,USA,California,Home,3,True,Website,33
C1374,Company,1990-01-25,M,France,Ile-De-France,Home,3,True,Agency,36
C1375,Individual,1972-11-22,F,USA,California,Investment,4,True,Agency,53
C1376,Individual,1987-06-23,F,USA,Arizona,Investment,3,True,Agency,39
C1377,Individual,1984-04-01,F,USA,Utah,Investment,2,False,Website,42
C1378,Individual,1976-11-19,F,USA,California,Investment,1,False,Website,49
C1379,Individual,1970-11-06,M,UK,Scotland,Home,2,False,Website,55
C1380,Individual,1949-10-15,M,Canada,Alberta,Investment,4,False,Website,76
C1381,Individual,1962-06-16,M,Germany,Hesse,Home,3,True,Website,64
C1382,Individual,1951-05-19,M,USA,Oregon,Home,2,False,Website,75
C1383,Individual,1992-11-11,M,USA,California,Home,2,False,Agency,33
C1384,Individual,1988-10-03,F,USA,California,Home,2,True,Agency,38
C1385,Individual,1946-01-06,M,USA,California,Home,1,False,Agency,80
C1386,Individual,1947-08-23,M,USA,Washington,Home,4,True,Website,79
C1387,Individual,1943-05-27,M,Germany,Hamburg,Investment,4,False,Website,83
C1388,Individual,1999-04-20,F,USA,Washington,Home,3,False,Website,27
C1389,Individual,1952-03-07,M,UK,Scotland,Home,2,False,Website,74
C1390,Individual,1979-07-21,F,USA,Nevada,Home,3,False,Website,47
C1391,Individual,1974-06-03,F,USA,Utah,Home,1,False,Website,52
C1392,Individual,1990-05-06,M,USA,Colorado,Home,4,True,Agency,36
C1393,Individual,1981-09-07,F,Mexico,Baja California,Investment,1,False,Agency,45
C1394,Individual,1977-02-26,F,USA,Nevada,Home,4,False,Website,49
C1395,Individual,1988-09-27,F,Canada,Alberta,Investment,4,False,Website,38
C1396,Individual,1971-02-06,M,Canada,Manitoba,Investment,3,True,Website,55
C1397,Individual,1983-10-03,F,USA,Nevada,Home,4,False,Website,43
C1398,Individual,1966-12-13,M,USA,California,Home,5,True,Website,59
C1399,Individual,1978-08-23,F,Canada,British Columbia,Home,5,False,Agency,48
C1400,Individual,1991-10-24,F,UK,Northern Ireland,Home,4,False,Client,34
C1401,Individual,1999-03-24,F,USA,Virginia,Investment,1,False,Website,27
C1402,Individual,1968-09-28,F,USA,Utah,Home,3,False,Agency,58
C1403,Individual,1983-09-22,F,USA,Oregon,Home,2,False,Website,43
C1404,Individual,1950-07-22,F,USA,California,Home,4,False,Agency,76
C1405,Individual,1955-08-06,M,USA,Oregon,Home,5,False,Agency,71
C1406,Individual,1970-01-09,F,USA,California,Home,3,False,Website,56
C1407,Individual,1956-03-22,F,USA,California,Home,1,False,Agency,70
C1408,Company,1963-11-13,F,USA,California,Home,2,False,Agency,62
C1409,Individual,1957-01-08,F,USA,Oregon,Investment,2,False,Website,69
C1410,Individual,1965-12-16,F,USA,Nevada,Home,2,False,Agency,60
C1411,Individual,1987-04-04,M,USA,California,Home,2,False,Client,39
C1412,Company,1985-06-28,F,USA,Nevada,Home,2,False,Agency,41
C1413,Individual,1968-09-18,F,USA,California,Home,4,False,Agency,58
C1414,Individual,1975-01-05,F,USA,Florida,Home,4,False,Website,51
C1415,Individual,1959-07-14,M,USA,California,Investment,1,False,Website,67
C1416,Individual,1954-01-07,M,USA,Oregon,Home,2,False,Agency,72
C1417,Individual,1953-10-26,M,UK,Scotland,Home,5,False,Website,72
C1418,Individual,1954-06-04,M,USA,Ohio,Investment,2,False,Website,72
C1419,Individual,1971-08-08,M,Germany,Hamburg,Investment,4,True,Website,55
C1420,Company,1981-10-20,M,UK,Wales,Home,5,False,Website,44
C1421,Individual,1957-11-14,M,USA,Colorado,Home,1,False,Website,68
C1422,Individual,1955-01-15,M,USA,Florida,Investment,1,True,Website,71
C1423,Individual,1955-09-21,M,UK,Northern Ireland,Home,4,True,Website,71
C1424,Individual,1954-12-03,F,USA,Utah,Home,2,True,Agency,71
C1425,Individual,1971-12-16,M,Belgium,Flanders,Home,3,False,Website,54
C1426,Individual,1964-05-20,F,USA,Washington,Home,2,False,Website,62
C1427,Individual,1955-10-05,F,Australia,Victoria,Home,5,False,Website,71
C1428,Individual,1953-05-12,F,USA,Oregon,Home,4,True,Agency,73
C1429,Individual,1991-01-10,M,USA,Nevada,Investment,5,False,Agency,35
C1430,Individual,1963-11-09,M,USA,Nevada,Home,4,False,Website,62
C1431,Individual,1943-01-07,F,Germany,Hesse,Home,3,True,Website,83
C1432,Individual,1951-12-26,M,USA,Utah,Home,3,False,Agency,74
C1433,Individual,1953-12-04,M,Germany,Hamburg,Home,4,False,Website,72
C1434,Company,1985-06-25,F,USA,California,Investment,5,False,Agency,41
C1435,Individual,1967-08-04,M,USA,Texas,Investment,2,False,Agency,59
C1436,Individual,1998-09-10,M,USA,California,Home,2,False,Website,28
C1437,Individual,1997-08-04,M,USA,Arizona,Investment,5,False,Agency,29
C1438,Individual,1988-04-08,M,USA,California,Home,2,True,Agency,38
C1439,Individual,2000-10-14,F,USA,Virginia,Home,2,False,Agency,25
C1440,Individual,1952-07-20,F,USA,Colorado,Investment,2,False,Agency,74
C1441,Individual,1945-08-09,F,USA,California,Investment,5,False,Website,81
C1442,Individual,2000-06-17,M,USA,Colorado,Home,2,True,Client,26
C1443,Individual,1979-11-22,F,USA,Florida,Home,2,False,Website,46
C1444,Individual,1981-06-25,M,USA,Colorado,Home,3,False,Website,45
C1445,Individual,1988-07-26,M,USA,Florida,Home,5,False,Website,38
C1446,Individual,1951-09-12,F,USA,Ohio,Home,4,False,Website,75
C1447,Individual,1972-05-14,F,USA,Nevada,Investment,4,True,Client,54
C1448,Individual,1959-03-15,M,Russia,Tatarstan,Home,1,False,Website,67
C1449,Individual,1999-06-14,F,USA,California,Investment,5,False,Website,27
C1450,Individual,1996-06-04,F,USA,Virginia,Home,5,False,Website,30
C1451,Individual,1983-10-19,F,USA,California,Home,1,False,Website,42
C1452,Individual,1993-05-08,F,Belgium,Wallonia,Home,3,False,Client,33
C1453,Individual,1981-07-10,M,USA,California,Home,2,False,Agency,45
C1454,Individual,1948-05-23,F,USA,California,Investment,1,False,Client,78
C1455,Individual,1989-06-15,F,USA,Colorado,Home,3,True,Agency,37
C1456,Company,1992-06-26,F,USA,Oregon,Investment,1,True,Website,34
C1457,Individual,1949-01-27,F,USA,California,Home,3,True,Agency,77
C1458,Individual,1950-09-16,M,USA,Arizona,Home,1,False,Website,76
C1459,Individual,1949-09-28,M,USA,Arizona,Home,5,False,Website,77
C1460,Individual,1972-05-12,F,UK,England,Home,1,True,Agency,54
C1461,Individual,1944-01-13,F,USA,California,Home,5,False,Website,82
C1462,Individual,1984-04-19,F,Germany,Hamburg,Investment,3,False,Agency,42
C1463,Individual,1943-12-28,M,USA,California,Home,2,True,Website,82
C1464,Individual,1940-01-25,M,USA,Arizona,Home,1,False,Website,86
C1465,Individual,1990-09-07,M,USA,Ohio,Home,3,True,Website,36
C1466,Individual,1999-08-28,F,Belgium,Flanders,Investment,2,False,Website,27
C1467,Individual,1951-07-19,F,USA,California,Home,5,False,Client,75
C1468,Individual,1940-08-24,M,Canada,Manitoba,Home,3,False,Website,86
C1469,Individual,1970-05-17,M,USA,Colorado,Home,1,False,Website,56
C1470,Individual,1940-05-27,M,USA,Colorado,Investment,3,True,Agency,86
C1471,Individual,1940-05-24,F,UK,Northern Ireland,Home,1,True,Website,86
C1472,Individual,1991-03-23,M,USA,Washington,Home,1,False,Website,35
C1473,Individual,1974-03-14,F,USA,California,Home,2,False,Agency,52
C1474,Individual,1969-10-04,M,USA,Oregon,Home,3,False,Website,57
C1475,Individual,1944-02-08,M,Mexico,Jalisco,Home,4,True,Agency,82
C1476,Individual,2000-08-06,M,USA,Nevada,Home,1,False,Agency,26
C1477,Company,1968-10-04,F,USA,California,Investment,1,False,Agency,58
C1478,Individual,1958-12-09,F,Canada,British Columbia,Investment,1,False,Agency,67
C1479,Individual,1968-03-26,M,USA,California,Investment,1,False,Website,58
C1480,Individual,1985-09-04,F,USA,Virginia,Investment,3,False,Client,41
C1481,Company,1984-04-12,F,USA,Arizona,Investment,3,False,Website,42
C1482,Individual,1953-01-24,F,USA,Oregon,Home,2,True,Website,73
C1483,Individual,1975-01-06,M,USA,Colorado,Home,3,True,Agency,51
C1484,Individual,1971-09-10,F,USA,Colorado,Home,3,False,Client,55
C1485,Individual,1984-06-26,F,USA,Washington,Investment,4,False,Website,42
C1486,Individual,1996-06-14,F,UK,Wales,Home,5,True,Website,30
C1487,Individual,1965-10-12,F,USA,New York,Home,3,False,Agency,60
C1488,Individual,1975-07-09,M,USA,Florida,Investment,2,False,Website,51
C1489,Individual,1951-03-19,F,USA,Arizona,Home,5,False,Agency,75
C1490,Individual,1994-06-11,M,UK,Wales,Investment,5,True,Client,32
C1491,Individual,1997-10-07,F,USA,Georgia,Home,4,False,Agency,28
C1492,Individual,1984-12-18,F,Germany,Bavaria,Home,2,False,Agency,41
C1493,Individual,1992-03-16,M,USA,Washington,Home,4,True,Agency,34
C1494,Individual,1996-09-04,M,USA,New York,Home,1,False,Client,30
C1495,Individual,1991-09-11,M,Denmark,Capital Region,Home,1,False,Website,35
C1496,Individual,1986-11-15,M,USA,Florida,Home,5,False,Agency,39
C1497,Individual,1940-01-13,M,USA,California,Investment,4,False,Agency,86
C1498,Individual,1967-03-02,F,Mexico,Puebla,Investment,5,False,Website,59
C1499,Individual,1997-04-11,F,Russia,Saint Petersburg,Home,3,True,Agency,29
C1500,Individual,1995-04-01,F,Australia,Victoria,Home,2,False,Agency,31
C1501,Individual,1951-12-16,F,USA,Oregon,Investment,4,False,Agency,74
C1502,Individual,1994-10-27,F,UK,Wales,Home,5,True,Website,31
C1503,Company,1986-08-21,M,USA,Arizona,Investment,5,False,Website,40
C1504,Individual,1946-08-19,M,USA,California,Home,4,False,Website,80
C1505,Individual,1994-05-14,M,USA,Virginia,Home,3,False,Agency,32
C1506,Individual,1950-11-01,M,USA,Utah,Investment,3,False,Website,75
C1507,Individual,1951-03-28,F,USA,Florida,Home,3,False,Agency,75
C1508,Individual,1994-03-12,M,UK,Scotland,Home,3,False,Agency,32
C1509,Individual,1946-12-16,F,USA,California,Home,3,False,Website,79
C1510,Company,1962-01-12,M,USA,California,Home,5,False,Agency,64
C1511,Individual,1989-07-20,F,France,Provence,Home,2,True,Website,37
C1512,Individual,1955-06-18,F,USA,Nevada,Home,4,True,Client,71
C1513,Individual,1995-08-06,F,USA,Florida,Home,2,False,Website,31
C1514,Individual,1986-08-12,F,USA,New York,Home,4,False,Website,40
C1515,Individual,1946-10-16,F,USA,Nevada,Investment,5,False,Website,79
C1516,Individual,1953-05-23,F,USA,Texas,Home,4,False,Website,73
C1517,Individual,1978-02-23,M,USA,California,Investment,2,False,Agency,48
C1518,Individual,1994-08-10,F,Australia,Victoria,Home,5,True,Agency,32
C1519,Individual,1972-08-19,M,USA,California,Home,1,False,Agency,54
C1520,Individual,1945-05-12,M,USA,Utah,Home,1,False,Website,81
C1521,Individual,1973-12-25,M,USA,Nevada,Home,4,False,Agency,52
C1522,Individual,1964-09-14,F,USA,Washington,Home,5,False,Website,62
C1523,Company,1981-07-22,M,Australia,Victoria,Investment,3,False,Website,45
C1524,Individual,1967-07-24,M,USA,Virginia,Home,2,False,Client,59
C1525,Individual,1959-08-24,M,USA,California,Home,1,False,Agency,67
C1526,Individual,1956-05-08,F,USA,California,Home,3,False,Website,70
C1527,Individual,1989-05-13,F,USA,California,Home,1,False,Agency,37
C1528,Individual,1997-02-09,F,Germany,Hamburg,Home,1,True,Website,29
C1529,Company,1989-04-19,M,USA,California,Home,4,False,Website,37
C1530,Individual,1988-11-20,F,USA,California,Home,2,False,Website,37
C1531,Individual,1964-03-15,M,France,Brittany,Investment,2,False,Website,62
C1532,Individual,1998-09-26,F,USA,Texas,Home,3,True,Website,28
C1533,Individual,1988-05-10,M,Canada,British Columbia,Home,4,False,Agency,38
C1534,Individual,1996-08-06,F,USA,California,Home,4,True,Website,30
C1535,Individual,1994-03-09,M,UK,England,Investment,3,False,Agency,32
C1536,Individual,1982-05-06,F,USA,Washington,Home,3,False,Website,44
C1537,Individual,1999-04-08,F,USA,Arizona,Home,5,False,Website,27
C1538,Individual,1947-07-01,F,USA,California,Investment,5,False,Website,79
C1539,Individual,1997-05-13,M,USA,Nevada,Home,1,False,Agency,29
C1540,Individual,1957-02-12,M,USA,California,Home,2,True,Client,69
C1541,Individual,1964-11-20,M,USA,California,Home,2,False,Website,61
C1542,Individual,1989-07-27,M,USA,Nevada,Home,1,True,Website,37
C1543,Individual,1955-10-11,F,USA,New York,Investment,3,False,Agency,71
C1544,Individual,1947-04-27,F,Russia,Tatarstan,Home,3,False,Website,79
C1545,Individual,1992-11-23,F,USA,California,Investment,1,True,Website,33
C1546,Individual,1966-06-06,F,Mexico,Puebla,Home,4,True,Agency,60
C1547,Individual,1975-03-04,F,USA,Florida,Home,2,True,Agency,51
C1548,Company,1967-12-26,M,USA,California,Home,2,True,Website,58
C1549,Individual,1961-06-15,M,Mexico,Nuevo Leon,Home,4,False,Client,65
C1550,Individual,1998-01-10,M,USA,California,Home,2,False,Agency,28
C1551,Individual,1991-05-17,M,USA,California,Home,2,False,Agency,35
C1552,Individual,1947-04-20,M,USA,California,Investment,2,True,Agency,79
C1553,Company,1990-03-27,M,USA,Utah,Home,4,False,Agency,36
C1554,Individual,1998-04-03,M,Germany,Bavaria,Home,1,False,Website,28
C1555,Individual,1946-04-25,F,UK,England,Home,5,False,Website,80
C1556,Individual,1982-11-20,F,USA,Colorado,Investment,2,False,Agency,43
C1557,Individual,1942-03-15,F,USA,New York,Home,2,True,Website,84
C1558,Individual,1944-12-03,M,Mexico,Baja California,Home,4,False,Website,81
C1559,Individual,1975-03-27,F,UK,England,Home,2,False,Website,51
C1560,Individual,1940-07-15,F,USA,California,Home,4,True,Client,86
C1561,Individual,1964-04-28,M,Mexico,Nuevo Leon,Investment,5,False,Agency,62
C1562,Individual,1987-05-07,F,USA,California,Home,4,False,Client,39
C1563,Individual,1987-06-18,F,USA,Utah,Home,5,False,Website,39
C1564,Individual,1964-06-11,M,USA,Washington,Investment,5,False,Website,62
C1565,Individual,1980-08-08,M,Mexico,Jalisco,Home,4,False,Agency,46
C1566,Individual,1995-01-01,M,USA,California,Home,3,False,Website,31
C1567,Individual,1977-11-10,M,USA,Georgia,Home,4,False,Client,48
C1568,Individual,1990-06-03,F,USA,California,Home,5,False,Website,36
C1569,Individual,1993-05-11,F,USA,California,Investment,1,True,Website,33
C1570,Individual,1963-12-27,F,USA,Ohio,Home,5,False,Website,62
C1571,Individual,1978-03-06,M,USA,California,Home,2,False,Website,48
C1572,Individual,1960-10-06,M,Australia,Queensland,Home,3,False,Agency,66
C1573,Individual,1946-07-05,F,USA,California,Home,1,False,Website,80
C1574,Individual,1984-08-14,M,USA,California,Home,4,False,Website,42
C1575,Individual,2000-12-19,M,USA,California,Home,2,False,Website,25
C1576,Individual,1977-09-28,F,USA,Nevada,Investment,3,True,Website,49
C1577,Individual,1983-02-15,M,Germany,Bavaria,Home,3,False,Website,43
C1578,Individual,1996-12-03,M,USA,California,Investment,2,False,Website,29
C1579,Individual,1945-03-10,M,USA,Arizona,Investment,4,False,Website,81
C1580,Individual,1997-05-12,M,USA,Georgia,Investment,1,True,Website,29
C1581,Individual,1950-08-11,M,USA,California,Investment,1,False,Website,76
C1582,Individual,1955-08-20,M,France,Ile-De-France,Home,4,True,Client,71
C1583,Individual,1968-03-01,M,USA,California,Home,2,False,Agency,58
C1584,Company,1985-12-08,M,France,Brittany,Investment,1,True,Website,40
C1585,Individual,1960-10-10,M,Canada,Ontario,Home,5,False,Website,66
C1586,Individual,1967-01-21,F,Germany,Berlin,Home,3,False,Website,59
C1587,Individual,1943-02-12,M,Canada,Quebec,Investment,4,True,Agency,83
C1588,Individual,1980-10-25,F,USA,Utah,Investment,5,False,Website,45
C1589,Individual,1953-12-08,F,USA,California,Investment,4,False,Agency,72
C1590,Company,1979-06-19,F,USA,Oregon,Home,1,False,Website,47
C1591,Individual,1971-08-15,F,USA,California,Investment,4,False,Website,55
C1592,Individual,1975-01-06,F,USA,Texas,Investment,2,True,Agency,51
C1593,Individual,1975-05-08,M,USA,California,Home,1,False,Website,51
C1594,Individual,1969-10-24,F,USA,Colorado,Home,2,False,Agency,56
C1595,Individual,1955-08-20,M,USA,California,Home,5,False,Website,71
C1596,Individual,1979-10-11,M,Germany,Berlin,Investment,4,False,Website,46
C1597,Individual,1949-12-28,F,USA,Nevada,Investment,4,True,Website,76
C1598,Individual,1940-06-23,F,USA,Georgia,Home,4,True,Agency,86
C1599,Individual,1980-11-19,F,USA,Virginia,Investment,5,True,Website,45
C1600,Individual,1968-02-13,F,Belgium,Wallonia,Home,5,False,Website,58
C1601,Individual,1996-08-13,F,Russia,Krasnodar Krai,Home,3,False,Website,30
C1602,Individual,1986-01-11,M,USA,Nevada,Investment,4,False,Website,40
C1603,Individual,1962-07-09,F,UK,England,Home,5,False,Website,64
C1604,Individual,1949-10-09,M,USA,Texas,Home,4,False,Website,77
C1605,Individual,1999-01-21,M,UK,England,Investment,4,True,Website,27
C1606,Individual,1965-03-20,M,USA,Washington,Home,1,True,Agency,61
C1607,Individual,1963-11-03,F,USA,California,Home,3,False,Agency,62
C1608,Individual,1999-11-14,F,UK,England,Home,4,True,Website,26
C1609,Individual,1964-02-10,M,USA,California,Investment,2,False,Website,62
C1610,Individual,1967-03-23,M,USA,California,Investment,3,False,Website,59
C1611,Individual,1975-02-09,F,USA,Nevada,Investment,4,False,Website,51
C1612,Individual,1990-02-25,M,USA,California,Home,1,False,Agency,36
C1613,Individual,1998-08-01,M,Denmark,Southern Denmark,Home,2,True,Agency,28
C1614,Individual,1968-05-16,F,USA,Utah,Investment,4,False,Website,58
C1615,Individual,1963-01-08,M,USA,Utah,Home,5,False,Agency,63
C1616,Individual,1991-01-09,M,UK,Wales,Investment,5,True,Website,35
C1617,Individual,1952-09-10,F,USA,California,Home,3,False,Website,74
C1618,Individual,1962-11-22,F,USA,Washington,Home,2,True,Website,63
C1619,Individual,1952-10-24,M,Belgium,Wallonia,Home,2,False,Website,73
C1620,Individual,1944-07-05,M,USA,California,Home,1,True,Website,82
C1621,Individual,1954-06-15,M,USA,Oregon,Investment,2,False,Agency,72
C1622,Individual,1961-01-02,F,USA,Oregon,Home,1,True,Website,65
C1623,Individual,1994-12-01,F,USA,Oregon,Home,4,False,Website,31
C1624,Individual,1951-04-01,F,USA,California,Home,4,True,Website,75
C1625,Individual,2000-03-02,M,Australia,Western Australia,Home,4,False,Agency,26
C1626,Individual,1970-02-24,F,France,Provence,Home,2,True,Website,56
C1627,Individual,1973-08-14,M,USA,California,Investment,1,False,Website,53
C1628,Company,1993-10-13,F,France,Normandy,Home,4,True,Website,32
C1629,Individual,1956-08-26,F,USA,Utah,Home,5,False,Agency,70
C1630,Company,1994-06-05,F,USA,Virginia,Investment,1,True,Website,32
C1631,Individual,1966-12-03,F,UK,Northern Ireland,Home,5,False,Website,59
C1632,Individual,1963-12-07,F,USA,California,Investment,3,True,Agency,62
C1633,Individual,1977-03-07,F,Canada,Ontario,Home,2,False,Website,49
C1634,Individual,1944-11-01,F,USA,Georgia,Investment,2,False,Website,81
C1635,Individual,1948-04-27,M,France,Brittany,Home,1,False,Website,78
C1636,Company,1987-10-01,F,USA,Arizona,Home,5,True,Website,39
C1637,Individual,1969-11-02,M,Mexico,Nuevo Leon,Home,5,False,Agency,56
C1638,Individual,1978-12-14,F,France,Occitanie,Investment,1,True,Agency,47
C1639,Individual,1943-09-26,M,USA,Colorado,Home,1,False,Website,83
C1640,Individual,1966-04-11,F,USA,California,Home,1,True,Website,60
C1641,Individual,1972-02-14,M,USA,Utah,Home,1,False,Agency,54
C1642,Individual,1981-07-20,F,Canada,British Columbia,Home,5,False,Website,45
C1643,Individual,1978-09-01,M,France,Ile-De-France,Home,4,False,Agency,48
C1644,Individual,1944-06-22,F,USA,California,Home,1,False,Client,82
C1645,Individual,1995-08-02,F,Australia,New South Wales,Investment,1,False,Website,31
C1646,Individual,1998-10-06,M,USA,Washington,Investment,4,True,Agency,27
C1647,Individual,1945-11-25,M,USA,Ohio,Home,4,True,Agency,80
C1648,Individual,1949-09-21,F,Australia,New South Wales,Home,3,False,Website,77
C1649,Individual,1982-02-03,F,USA,Oregon,Home,4,True,Agency,44
C1650,Individual,1969-01-04,M,USA,Washington,Investment,2,False,Website,57
C1651,Individual,1945-11-19,M,USA,California,Investment,4,False,Website,80
C1652,Individual,1964-01-15,M,USA,Nevada,Investment,4,True,Client,62
C1653,Individual,1974-02-08,F,USA,Colorado,Investment,4,True,Website,52
C1654,Individual,1968-05-04,F,USA,California,Home,1,False,Website,58
C1655,Individual,1965-05-16,F,USA,Texas,Investment,2,False,Website,61
C1656,Individual,1991-05-05,M,Belgium,Wallonia,Investment,4,True,Website,35
C1657,Individual,1958-05-19,M,USA,California,Home,2,False,Website,68
C1658,Individual,1970-07-08,M,USA,California,Home,5,False,Agency,56
C1659,Individual,1946-05-09,M,Denmark,Zealand,Home,4,False,Website,80
C1660,Individual,1940-04-27,M,USA,Nevada,Home,4,True,Website,86
C1661,Individual,1975-08-20,M,USA,Washington,Home,4,False,Agency,51
C1662,Individual,1967-05-16,M,Russia,Tatarstan,Home,4,False,Website,59
C1663,Individual,1977-05-13,M,USA,Colorado,Investment,3,False,Agency,49
C1664,Individual,1969-07-25,F,France,Occitanie,Investment,5,False,Agency,57
C1665,Individual,1995-12-16,M,USA,Arizona,Home,5,False,Website,30
C1666,Individual,1962-08-09,F,USA,Ohio,Home,2,False,Website,64
C1667,Individual,1967-11-14,F,USA,California,Investment,4,False,Agency,58
C1668,Individual,1957-12-11,M,Australia,Victoria,Home,5,False,Website,68
C1669,Individual,1960-07-04,M,Canada,Alberta,Investment,3,True,Agency,66
C1670,Individual,1970-09-12,F,USA,Colorado,Home,3,True,Website,56
C1671,Individual,1948-09-13,F,USA,California,Home,3,False,Agency,78
C1672,Individual,1974-09-04,F,USA,Nevada,Investment,4,False,Website,52
C1673,Individual,1992-04-03,F,USA,Washington,Home,1,True,Website,34
C1674,Individual,1941-12-22,F,USA,California,Home,5,True,Website,84
C1675,Individual,1985-08-04,F,Canada,Alberta,Investment,5,False,Website,41
C1676,Individual,1999-09-19,F,USA,Washington,Home,2,False,Website,27
C1677,Individual,1964-12-20,M,USA,Texas,Home,1,True,Website,61
C1678,Individual,1961-06-03,M,USA,California,Home,1,True,Agency,65
C1679,Individual,1986-02-28,F,USA,Nevada,Investment,4,False,Website,40
C1680,Individual,1999-09-25,F,USA,California,Investment,4,False,Agency,27
C1681,Individual,1961-07-27,M,USA,Oregon,Home,3,True,Client,65
C1682,Individual,1987-11-04,F,USA,Nevada,Home,2,False,Website,38
C1683,Individual,1999-11-19,F,USA,Oregon,Investment,1,False,Client,26
C1684,Individual,1977-01-07,F,USA,Colorado,Investment,4,False,Website,49
C1685,Individual,1977-05-16,F,USA,California,Home,5,False,Agency,49
C1686,Individual,1977-01-25,M,USA,California,Investment,2,True,Agency,49
C1687,Individual,1967-05-15,M,USA,California,Home,4,True,Website,59
C1688,Individual,1996-04-28,F,USA,Oregon,Home,5,False,Client,30
C1689,Individual,1985-01-26,F,USA,Oregon,Investment,1,True,Client,41
C1690,Individual,1951-08-18,M,Denmark,North Denmark,Home,2,True,Agency,75
C1691,Individual,1946-03-25,M,USA,Arizona,Home,5,False,Website,80
C1692,Individual,1991-08-03,M,Canada,Ontario,Home,5,True,Agency,35
C1693,Individual,1990-11-20,M,Belgium,Flanders,Home,1,False,Website,35
C1694,Individual,1957-07-18,F,USA,Virginia,Home,5,False,Agency,69
C1695,Individual,1955-12-13,F,Belgium,Flanders,Home,5,False,Website,70
C1696,Individual,1987-02-20,F,USA,Florida,Home,1,False,Website,39
C1697,Individual,1980-07-08,F,Belgium,Brussels,Home,2,False,Client,46
C1698,Individual,1950-05-12,M,UK,Northern Ireland,Home,4,True,Website,76
C1699,Individual,1969-07-15,M,Australia,Western Australia,Home,3,True,Agency,57
C1700,Individual,1943-04-11,M,USA,Nevada,Home,3,False,Website,83
C1701,Individual,1982-06-27,F,USA,Arizona,Home,1,False,Website,44
C1702,Individual,1990-04-01,M,USA,Washington,Investment,5,True,Website,36
C1703,Individual,1999-08-13,M,USA,Texas,Investment,4,False,Agency,27
C1704,Individual,1963-02-15,F,Denmark,Capital Region,Home,4,False,Agency,63
C1705,Individual,1979-11-23,M,USA,Virginia,Investment,3,True,Website,46
C1706,Individual,1976-05-13,M,USA,California,Home,3,True,Website,50
C1707,Individual,1973-09-19,M,USA,Georgia,Home,1,True,Website,53
C1708,Individual,1986-06-08,F,Germany,Hesse,Home,1,True,Agency,40
C1709,Individual,1946-09-08,F,USA,Arizona,Investment,3,False,Agency,80
C1710,Individual,1957-05-26,M,Canada,Alberta,Investment,2,True,Website,69
C1711,Individual,1981-08-24,F,USA,California,Investment,3,True,Website,45
C1712,Individual,1971-04-03,M,France,Occitanie,Home,5,False,Website,55
C1713,Individual,1981-08-02,F,USA,Oregon,Home,1,False,Website,45
C1714,Individual,1948-05-07,M,USA,Colorado,Home,3,False,Website,78
C1715,Individual,1963-04-13,F,USA,Florida,Home,3,True,Agency,63
C1716,Individual,1980-10-13,F,USA,California,Home,1,False,Website,45
C1717,Individual,1941-12-21,F,USA,California,Home,4,True,Website,84
C1718,Individual,1995-06-01,F,USA,California,Home,1,False,Website,31
C1719,Company,1960-10-05,M,USA,Florida,Home,2,False,Agency,66
C1720,Individual,1996-10-10,F,USA,California,Home,5,True,Website,29
C1721,Individual,1986-10-12,M,USA,Nevada,Home,2,False,Agency,39
C1722,Individual,1982-11-23,F,USA,Nevada,Home,3,False,Website,43
C1723,Individual,1998-02-02,F,Canada,Quebec,Home,2,True,Agency,28
C1724,Individual,1956-06-19,M,USA,Virginia,Home,4,False,Website,70
C1725,Individual,1959-12-01,F,USA,Nevada,Home,3,True,Website,66
C1726,Individual,1948-08-15,F,UK,Northern Ireland,Home,3,False,Website,78
C1727,Individual,1945-06-12,F,USA,New York,Home,3,False,Website,81
C1728,Individual,1944-08-03,F,USA,Oregon,Home,3,True,Client,82
C1729,Individual,1955-06-26,M,Canada,British Columbia,Home,3,True,Website,71
C1730,Individual,1979-11-22,M,Mexico,Puebla,Investment,5,True,Agency,46
C1731,Individual,1971-12-19,M,USA,California,Home,4,True,Website,54
C1732,Individual,1970-07-15,F,Canada,Alberta,Investment,2,False,Agency,56
C1733,Individual,1948-04-22,F,USA,California,Home,3,True,Agency,78
C1734,Individual,1975-01-14,M,USA,California,Home,5,False,Website,51
C1735,Individual,1969-07-10,F,USA,Utah,Investment,3,False,Website,57
C1736,Individual,1989-09-21,F,USA,California,Investment,4,True,Website,37
C1737,Individual,1992-12-24,F,USA,California,Investment,3,False,Website,33
C1738,Individual,1977-02-25,F,USA,California,Home,5,False,Website,49
C1739,Individual,1985-02-25,M,Russia,Novosibirsk,Investment,3,True,Website,41
C1740,Individual,1951-09-15,F,USA,California,Home,5,True,Website,75
C1741,Individual,1976-04-18,M,USA,Virginia,Home,5,False,Website,50
C1742,Company,1988-08-14,F,USA,California,Home,5,False,Agency,38
C1743,Individual,1946-07-26,F,Belgium,Flanders,Home,1,False,Client,80
C1744,Individual,1961-11-16,M,Russia,Krasnodar Krai,Investment,1,False,Website,64
C1745,Individual,1976-06-21,F,USA,California,Home,1,False,Website,50
C1746,Individual,1959-06-14,F,Belgium,Flanders,Home,3,False,Website,67
C1747,Individual,1965-02-19,M,USA,Colorado,Home,5,False,Client,61
C1748,Individual,1950-11-11,M,USA,California,Home,4,True,Website,75
C1749,Individual,1956-05-27,M,USA,California,Home,3,False,Website,70
C1750,Company,1991-12-01,M,USA,Colorado,Home,3,False,Website,34
C1751,Individual,1955-02-28,F,USA,Ohio,Home,5,False,Website,71
C1752,Individual,1980-06-02,M,USA,California,Investment,1,True,Website,46
C1753,Individual,1945-12-18,M,USA,Georgia,Investment,3,True,Website,80
C1754,Individual,1995-11-11,M,USA,Virginia,Home,2,True,Website,30
C1755,Individual,1998-08-26,M,USA,Nevada,Home,1,True,Website,28
C1756,Individual,1990-03-21,M,USA,Utah,Home,1,False,Website,36
C1757,Individual,1985-01-07,M,Germany,Bavaria,Home,3,False,Client,41
C1758,Individual,1985-01-14,M,USA,Oregon,Investment,4,True,Agency,41
C1759,Individual,1974-10-10,M,USA,California,Investment,1,False,Website,51
C1760,Individual,1975-07-10,F,Belgium,Brussels,Home,2,False,Website,51
C1761,Individual,1955-08-01,M,USA,Washington,Home,1,False,Website,71
C1762,Individual,1964-01-21,M,USA,Virginia,Home,1,False,Website,62
C1763,Individual,1954-11-26,F,USA,New York,Home,3,False,Website,71
C1764,Individual,1946-05-11,F,USA,Nevada,Home,2,False,Agency,80
C1765,Individual,1997-01-05,F,USA,Colorado,Home,1,True,Client,29
C1766,Individual,1993-05-05,F,USA,California,Home,4,False,Website,33
C1767,Individual,1978-05-21,M,USA,Colorado,Home,3,False,Website,48
C1768,Individual,1943-01-03,F,Russia,Saint Petersburg,Home,4,False,Website,83
C1769,Company,1985-10-22,M,USA,Oregon,Home,1,True,Client,40
C1770,Individual,1945-11-17,F,USA,Washington,Home,1,True,Agency,80
C1771,Company,1975-06-22,M,USA,Georgia,Home,3,True,Client,51
C1772,Company,1975-01-13,F,Canada,Alberta,Investment,5,True,Agency,51
C1773,Individual,1980-12-25,M,USA,Nevada,Investment,3,True,Agency,45
C1774,Individual,1984-12-26,M,USA,Oregon,Home,4,False,Agency,41
C1775,Individual,1970-07-10,F,USA,California,Home,3,False,Agency,56
C1776,Individual,1973-01-09,F,France,Occitanie,Home,1,False,Website,53
C1777,Individual,1974-09-24,M,USA,California,Investment,5,False,Client,52
C1778,Individual,1994-09-01,M,USA,Georgia,Investment,4,True,Website,32
C1779,Individual,1979-04-20,F,USA,California,Home,5,False,Client,47
C1780,Individual,1956-05-18,M,USA,Utah,Investment,1,False,Website,70
C1781,Individual,1968-08-10,F,USA,California,Home,4,False,Website,58
C1782,Individual,1999-04-12,F,UK,England,Investment,1,False,Website,27
C1783,Individual,1954-07-03,M,USA,California,Home,3,False,Website,72
C1784,Individual,1998-02-24,M,Australia,Western Australia,Home,3,False,Client,28
C1785,Individual,1956-02-27,F,USA,Colorado,Home,1,True,Website,70
C1786,Individual,1995-07-03,M,USA,California,Home,1,False,Website,31
C1787,Individual,1955-09-22,M,USA,Georgia,Investment,5,False,Agency,71
C1788,Individual,1989-10-27,M,USA,California,Home,3,False,Website,36
C1789,Individual,1982-07-25,M,USA,Colorado,Home,5,True,Agency,44
C1790,Individual,1940-02-18,M,USA,Nevada,Investment,5,False,Client,86
C1791,Individual,1966-04-26,M,USA,California,Home,5,False,Agency,60
C1792,Individual,1995-06-17,M,USA,California,Home,3,False,Agency,31
C1793,Individual,1969-05-04,M,USA,Utah,Investment,1,False,Website,57
C1794,Individual,1995-12-25,M,USA,Colorado,Home,3,False,Website,30
C1795,Individual,1945-01-12,M,USA,California,Home,5,True,Website,81
C1796,Individual,1950-09-21,F,USA,California,Investment,5,True,Client,76
C1797,Individual,1957-02-26,F,USA,Oregon,Home,3,True,Website,69
C1798,Individual,1966-10-08,M,USA,Arizona,Investment,1,True,Website,60
C1799,Individual,1950-11-01,F,USA,Colorado,Home,5,False,Agency,75
C1800,Individual,1944-04-13,M,USA,Oregon,Home,1,False,Client,82
C1801,Individual,1964-08-02,M,USA,California,Home,5,True,Website,62
C1802,Individual,1948-03-26,M,USA,Nevada,Investment,1,False,Client,78
C1803,Individual,1987-04-14,F,Canada,Quebec,Investment,5,False,Agency,39
C1804,Individual,1989-03-03,M,USA,California,Home,1,False,Website,37
C1805,Individual,1953-09-01,M,UK,Northern Ireland,Investment,3,False,Website,73
C1806,Individual,1967-04-13,F,Australia,New South Wales,Investment,2,False,Agency,59
C1807,Individual,1957-05-02,F,France,Brittany,Home,5,False,Website,69
C1808,Individual,1990-08-01,F,USA,Washington,Investment,2,False,Client,36
C1809,Individual,1981-03-05,F,USA,New York,Home,4,True,Agency,45
C1810,Individual,1945-06-01,F,USA,Texas,Home,3,False,Agency,81
C1811,Individual,1958-02-16,F,USA,California,Home,3,True,Agency,68
C1812,Individual,1977-04-18,M,France,Provence,Home,5,True,Website,49
C1813,Individual,1947-02-12,M,Germany,Hamburg,Investment,3,True,Website,79
C1814,Individual,1987-07-04,M,Denmark,North Denmark,Home,2,False,Website,39
C1815,Individual,1949-03-26,M,USA,California,Home,5,False,Agency,77
C1816,Individual,1962-08-04,M,Canada,Quebec,Home,2,False,Website,64
C1817,Individual,1944-07-28,F,USA,Virginia,Home,1,False,Agency,82
C1818,Individual,1994-08-17,F,USA,Washington,Investment,5,True,Website,32
C1819,Individual,1963-11-02,M,Russia,Krasnodar Krai,Home,1,False,Website,62
C1820,Individual,1979-08-21,M,France,Provence,Home,3,False,Website,47
C1821,Individual,1944-10-22,M,USA,Nevada,Home,5,False,Website,81
C1822,Individual,1996-02-28,M,USA,Oregon,Investment,5,True,Website,30
C1823,Individual,1967-11-08,M,USA,Oregon,Home,4,True,Website,58
C1824,Individual,1962-05-09,M,USA,California,Home,3,False,Website,64
C1825,Individual,1956-12-28,M,Mexico,Nuevo Leon,Home,2,False,Agency,69
C1826,Individual,1951-08-06,M,USA,Ohio,Home,4,False,Client,75
C1827,Individual,1973-02-01,M,USA,New York,Home,5,True,Website,53
C1828,Individual,1991-11-15,M,USA,California,Investment,2,True,Website,34
C1829,Individual,1997-07-17,F,USA,California,Home,5,True,Agency,29
C1830,Individual,1959-03-20,F,USA,Arizona,Home,3,False,Website,67
C1831,Individual,1950-09-15,F,Russia,Tatarstan,Home,3,False,Website,76
C1832,Individual,1987-04-21,M,USA,Oregon,Investment,1,True,Website,39
C1833,Individual,1948-01-17,F,USA,Arizona,Investment,1,True,Website,78
C1834,Individual,1963-03-13,M,Belgium,Flanders,Investment,5,False,Agency,63
C1835,Individual,1959-10-25,F,Canada,Alberta,Investment,4,True,Agency,66
C1836,Individual,1960-08-10,F,USA,California,Investment,1,True,Website,66
C1837,Individual,1950-06-04,F,USA,California,Home,2,True,Client,76
C1838,Individual,1965-01-14,F,Canada,Alberta,Investment,1,False,Agency,61
C1839,Individual,1943-01-21,M,USA,California,Investment,2,False,Agency,83
C1840,Individual,1986-06-22,M,UK,England,Investment,3,False,Website,40
C1841,Individual,1947-05-27,M,USA,New York,Home,4,False,Website,79
C1842,Company,1978-08-10,M,Canada,Alberta,Home,3,True,Agency,48
C1843,Individual,1952-06-18,M,Germany,Hesse,Home,4,False,Website,74
C1844,Individual,1978-07-21,F,USA,Ohio,Home,1,False,Agency,48
C1845,Individual,1949-11-09,M,USA,California,Investment,1,True,Website,76
C1846,Individual,1985-10-26,F,Russia,Novosibirsk,Home,5,True,Agency,40
C1847,Individual,1952-01-04,M,USA,Utah,Home,4,False,Website,74
C1848,Individual,1993-07-17,F,USA,California,Home,2,False,Website,33
C1849,Individual,1976-02-09,M,Canada,Alberta,Investment,3,True,Website,50
C1850,Individual,1971-07-25,M,USA,New York,Investment,5,True,Agency,55
C1851,Individual,1954-08-06,F,UK,England,Home,3,True,Agency,72
C1852,Individual,1997-12-15,F,USA,Virginia,Home,4,False,Website,28
C1853,Individual,1949-02-24,F,USA,Virginia,Investment,4,False,Website,77
C1854,Company,1960-03-23,M,France,Ile-De-France,Investment,1,False,Client,66
C1855,Individual,1984-07-02,F,USA,California,Home,2,True,Website,42
C1856,Company,1994-05-24,M,USA,Virginia,Home,2,False,Website,32
C1857,Individual,1987-03-22,M,USA,California,Investment,2,True,Website,39
C1858,Individual,1958-05-06,F,USA,Colorado,Home,5,False,Website,68
C1859,Individual,1943-11-18,M,USA,California,Home,5,True,Client,82
C1860,Company,1970-07-17,F,USA,California,Home,4,True,Agency,56
C1861,Individual,1982-08-01,M,USA,California,Investment,3,True,Website,44
C1862,Individual,1953-08-22,M,USA,California,Home,1,True,Website,73
C1863,Individual,1948-04-03,F,UK,Scotland,Home,3,False,Website,78
C1864,Individual,1972-04-25,F,USA,New York,Home,5,True,Website,54
C1865,Individual,1974-11-01,M,USA,Arizona,Investment,4,False,Website,51
C1866,Individual,1971-08-23,F,USA,Nevada,Home,2,False,Agency,55
C1867,Individual,1952-01-13,M,USA,California,Home,2,True,Website,74
C1868,Individual,1975-11-28,F,UK,Wales,Home,1,False,Website,50
C1869,Individual,1975-05-10,F,Mexico,Nuevo Leon,Home,5,False,Client,51
C1870,Individual,1980-10-13,M,USA,Washington,Investment,1,False,Agency,45
C1871,Individual,1961-10-18,F,USA,Texas,Home,1,True,Website,64
C1872,Individual,1940-10-23,M,Mexico,Mexico City,Home,5,False,Client,85
C1873,Individual,1959-10-03,F,Canada,British Columbia,Home,5,False,Agency,67
C1874,Individual,1972-11-18,M,USA,Colorado,Investment,1,False,Agency,53
C1875,Individual,1943-09-13,F,USA,Nevada,Home,2,False,Client,83
C1876,Company,1981-03-17,M,USA,Ohio,Investment,4,True,Website,45
C1877,Individual,1961-09-16,M,USA,Arizona,Home,5,False,Agency,65
C1878,Individual,1967-07-10,M,USA,Washington,Home,5,False,Agency,59
C1879,Individual,1977-01-23,F,USA,New York,Home,3,False,Website,49
C1880,Individual,1998-01-22,F,USA,California,Home,5,True,Client,28
C1881,Individual,1989-09-13,F,USA,Oregon,Home,2,True,Website,37
C1882,Individual,1960-03-22,F,USA,Virginia,Investment,3,False,Website,66
C1883,Individual,1941-11-02,M,USA,California,Home,1,False,Agency,84
C1884,Individual,1954-06-08,M,USA,Nevada,Home,5,True,Website,72
C1885,Individual,1967-10-26,M,Germany,Hamburg,Home,1,True,Agency,58
C1886,Individual,1999-11-16,F,USA,California,Home,5,False,Website,26
C1887,Individual,1986-07-01,F,USA,Oregon,Investment,1,False,Agency,40
C1888,Individual,1962-06-08,M,USA,California,Home,3,False,Website,64
C1889,Individual,1987-10-07,M,USA,California,Home,4,True,Website,38
C1890,Individual,1954-12-03,M,Canada,Ontario,Home,4,False,Client,71
C1891,Individual,1972-02-06,M,USA,Oregon,Home,2,False,Agency,54
C1892,Individual,1951-06-06,F,USA,Nevada,Investment,5,True,Agency,75
C1893,Individual,1962-12-27,F,USA,Washington,Home,1,True,Website,63
C1894,Individual,1944-11-03,F,USA,Texas,Investment,4,False,Website,81
C1895,Company,1969-07-01,M,USA,Nevada,Investment,4,False,Agency,57
C1896,Individual,1955-06-17,M,USA,Virginia,Investment,3,False,Agency,71
C1897,Individual,1950-12-27,F,Canada,Ontario,Home,2,False,Website,75
C1898,Individual,1979-05-01,M,USA,New York,Home,1,True,Website,47
C1899,Individual,1996-05-04,M,UK,England,Home,3,False,Website,30
C1900,Individual,1998-07-09,F,UK,England,Investment,4,False,Client,28
C1901,Individual,1982-09-17,M,Canada,British Columbia,Home,4,False,Agency,44
C1902,Company,1980-09-11,M,USA,Colorado,Investment,2,False,Agency,46
C1903,Individual,1991-01-12,F,USA,Nevada,Home,2,False,Website,35
C1904,Individual,1949-03-23,M,USA,Texas,Home,2,True,Website,77
C1905,Individual,1961-02-02,M,USA,Virginia,Home,1,False,Website,65
C1906,Individual,1955-09-15,F,USA,California,Home,2,False,Agency,71
C1907,Individual,1950-12-03,M,USA,Colorado,Home,3,False,Website,75
C1908,Individual,1976-03-28,F,USA,California,Home,2,False,Website,50
C1909,Individual,1985-04-12,F,USA,California,Investment,2,False,Agency,41
C1910,Company,1985-04-10,M,USA,California,Home,2,True,Agency,41
C1911,Individual,1989-11-01,M,USA,California,Home,5,False,Agency,36
C1912,Individual,1954-07-26,F,USA,Utah,Investment,1,False,Website,72
C1913,Individual,1980-12-11,M,France,Provence,Home,5,False,Website,45
C1914,Individual,1993-08-24,F,UK,Scotland,Home,4,True,Website,33
C1915,Individual,1964-09-06,F,USA,Arizona,Investment,4,False,Client,62
C1916,Individual,1948-10-15,M,USA,California,Investment,2,False,Website,77
C1917,Individual,1971-09-16,F,Australia,New South Wales,Home,2,False,Client,55
C1918,Individual,1940-09-17,F,USA,California,Home,1,False,Client,86
C1919,Company,1968-01-19,F,USA,Nevada,Investment,1,False,Website,58
C1920,Individual,1969-10-26,M,Germany,North Rhine-Westphalia,Home,5,False,Agency,56
C1921,Individual,1956-12-24,F,France,Provence,Home,5,False,Website,69
C1922,Individual,1988-09-01,F,USA,California,Home,1,False,Agency,38
C1923,Individual,1947-07-03,F,Mexico,Jalisco,Investment,1,True,Client,79
C1924,Individual,1958-03-01,M,USA,California,Home,3,False,Client,68
C1925,Individual,1942-01-19,M,USA,Colorado,Home,2,False,Agency,84
C1926,Individual,1997-05-11,M,Mexico,Puebla,Home,1,True,Website,29
C1927,Individual,1952-05-11,F,USA,California,Investment,1,True,Website,74
C1928,Individual,1998-02-20,M,Australia,New South Wales,Home,4,True,Client,28
C1929,Individual,1941-10-24,F,Mexico,Jalisco,Home,1,True,Agency,84
C1930,Individual,1966-01-22,F,USA,Colorado,Investment,3,False,Agency,60
C1931,Individual,1995-01-05,F,USA,Utah,Home,5,True,Website,31
C1932,Individual,1962-05-13,F,USA,California,Investment,2,False,Website,64
C1933,Company,1994-05-04,F,Australia,Queensland,Home,1,False,Client,32
C1934,Individual,1978-03-25,M,France,Ile-De-France,Investment,4,True,Client,48
C1935,Individual,1983-04-14,F,USA,Arizona,Home,5,False,Website,43
C1936,Individual,1984-02-24,M,Russia,Krasnodar Krai,Home,1,True,Agency,42
C1937,Individual,1961-03-16,F,USA,Arizona,Home,3,True,Website,65
C1938,Individual,1973-07-28,M,Canada,Quebec,Home,4,True,Website,53
C1939,Individual,1979-09-06,F,USA,Florida,Investment,1,True,Agency,47
C1940,Individual,1997-01-02,F,Canada,Manitoba,Home,4,False,Agency,29
C1941,Individual,1943-05-20,F,USA,Nevada,Home,5,False,Client,83
C1942,Company,1984-10-11,F,USA,Nevada,Home,2,True,Agency,41
C1943,Individual,1973-04-01,M,USA,Arizona,Home,1,False,Website,53
C1944,Individual,1986-02-15,M,USA,California,Investment,1,False,Website,40
C1945,Individual,1967-02-26,M,Mexico,Mexico City,Investment,3,False,Website,59
C1946,Individual,1955-01-15,M,USA,California,Home,1,False,Agency,71
C1947,Individual,1979-02-02,M,USA,Nevada,Home,3,False,Website,47
C1948,Individual,1955-01-04,F,USA,Arizona,Home,2,False,Agency,71
C1949,Individual,1955-07-20,F,USA,Colorado,Home,2,True,Agency,71
C1950,Individual,1975-03-27,M,USA,Ohio,Home,4,False,Agency,51
C1951,Individual,1996-08-09,M,USA,Utah,Home,1,True,Website,30
C1952,Company,1992-06-05,M,USA,Nevada,Home,3,False,Agency,34
C1953,Individual,1972-10-16,M,Germany,Bavaria,Home,1,True,Website,53
C1954,Individual,1966-03-09,F,Australia,Western Australia,Investment,3,False,Website,60
C1955,Individual,1998-05-20,M,Canada,Quebec,Home,1,False,Website,28
C1956,Individual,1967-08-21,F,USA,Oregon,Home,2,False,Agency,59
C1957,Individual,1962-09-24,M,USA,California,Home,4,True,Website,64
C1958,Individual,1970-09-10,F,USA,California,Home,3,False,Website,56
C1959,Individual,1942-02-20,F,USA,Texas,Home,1,False,Website,84
C1960,Individual,1987-02-08,F,USA,Colorado,Home,2,True,Website,39
C1961,Individual,1994-09-26,M,USA,California,Home,5,False,Agency,32
C1962,Individual,1995-01-08,F,Mexico,Puebla,Home,5,False,Agency,31
C1963,Company,1968-01-03,M,USA,Texas,Home,5,False,Website,58
C1964,Individual,1972-06-17,M,USA,Virginia,Home,5,False,Agency,54
C1965,Individual,1997-09-01,M,USA,California,Home,4,False,Agency,29
C1966,Individual,1964-10-02,M,Canada,British Columbia,Home,1,False,Agency,62
C1967,Individual,1957-09-10,M,USA,Oregon,Investment,4,False,Agency,69
C1968,Individual,1958-02-11,F,USA,California,Investment,3,True,Client,68
C1969,Individual,1993-06-14,M,USA,Colorado,Investment,2,True,Agency,33
C1970,Individual,1978-02-25,M,USA,Arizona,Investment,4,True,Website,48
C1971,Individual,1976-07-18,F,USA,Virginia,Home,5,False,Website,50
C1972,Individual,1972-05-01,F,USA,California,Home,4,True,Website,54
C1973,Company,1993-09-13,M,USA,Washington,Home,4,True,Agency,33
C1974,Individual,1950-09-04,M,USA,Nevada,Home,5,True,Agency,76
C1975,Individual,1975-05-08,F,Belgium,Wallonia,Home,4,False,Agency,51
C1976,Individual,1995-03-05,M,USA,Florida,Home,5,False,Client,31
C1977,Individual,1994-07-04,M,USA,Virginia,Home,1,False,Website,32
C1978,Company,1967-06-02,F,USA,California,Investment,5,True,Website,59
C1979,Individual,1942-05-25,M,USA,Colorado,Home,3,True,Agency,84
C1980,Individual,1956-09-05,F,USA,Texas,Investment,4,False,Website,70
C1981,Individual,1992-09-12,F,Canada,Quebec,Home,5,False,Agency,34
C1982,Individual,1947-05-09,M,USA,California,Home,4,True,Website,79
C1983,Individual,1961-03-13,M,UK,Northern Ireland,Home,3,False,Website,65
C1984,Individual,1956-10-18,M,USA,California,Home,4,False,Website,69
C1985,Individual,1963-11-05,M,UK,Scotland,Home,1,True,Agency,62
C1986,Individual,1977-04-23,M,USA,New York,Investment,1,False,Website,49
C1987,Individual,1986-10-18,M,Belgium,Wallonia,Investment,5,False,Website,39
C1988,Individual,1994-09-19,M,USA,California,Home,5,True,Website,32
C1989,Individual,1959-11-19,M,USA,Texas,Home,3,False,Agency,66
C1990,Individual,1976-11-28,M,USA,Texas,Investment,5,False,Agency,49
C1991,Individual,1950-09-07,F,USA,California,Home,3,False,Website,76
C1992,Individual,1943-01-19,F,USA,Texas,Home,3,True,Website,83
C1993,Individual,1985-09-06,M,USA,New York,Home,2,False,Website,41
C1994,Individual,1994-07-21,F,USA,Oregon,Investment,3,True,Website,32
C1995,Individual,1993-05-03,F,USA,California,Investment,4,False,Agency,33
C1996,Individual,1992-06-20,F,USA,Nevada,Home,1,True,Website,34
C1997,Individual,1942-09-27,M,USA,Arizona,Home,4,True,Website,84
C1998,Individual,1963-09-13,M,USA,Virginia,Home,5,True,Website,63
C1999,Individual,1944-06-15,M,USA,Ohio,Home,4,True,Client,82
C2000,Individual,1996-03-24,F,USA,Georgia,Home,1,True,Agency,30
